Date,ICLN_Returns,XLE_Returns
2018-03-01,-0.0021141104040459657,0.01497599404058314
2018-04-01,-0.007415229705529103,0.006036200387010027
2018-05-01,0.0032016809188357698,-0.0004001018536698986
2018-08-01,0.014893679564879747,0.006002314433013911
2018-09-01,-0.0020966021861393846,-0.0025192160221935156
2018-10-01,-0.002100454919181316,-0.0011963561277146262
2018-11-01,0.01999986505400142,0.020495089888090012
2018-12-01,-0.00309616607382035,0.009650436939297125
2018-01-16,-0.0041407888551242555,-0.012658280532361954
2018-01-17,0.006237063980350177,0.008765189729390555
2018-01-18,-0.007231380955194711,-0.008170111229247157
2018-01-19,0.0020812210756719907,-0.0013076351726373225
2018-01-22,0.0,0.021602987491843306
2018-01-23,-0.003115238653032981,-0.0015379915373657793
2018-01-24,-0.0041665584248680165,-0.0026956986756700996
2018-01-25,0.0031377184566976357,-0.00785078816991891
2018-01-26,0.0,0.005448336827596156
2018-01-29,-0.003127903974665669,-0.015094935368575868
2018-01-30,0.0,-0.02017264810877184
2018-01-31,0.0010459428297673323,0.0006683610679896201
2018-01-02,-0.005224909272732781,0.010286999888956538
2018-02-02,-0.0220587527906293,-0.041787652506897977
2018-05-02,-0.031149119157724225,-0.0419541589130602
2018-06-02,0.00886883236945879,0.00792265690130134
2018-07-02,-0.005494306677651495,-0.01672149776770271
2018-08-02,-0.0265191743512585,-0.03023242941164439
2018-09-02,0.004540236723727498,-0.0007495389225450344
2018-12-02,0.018078983056383002,0.01634921526961608
2018-02-13,0.013318424168130338,-0.004132326009585796
2018-02-14,0.013143605311497941,0.014522881832439882
2018-02-15,0.021621403565428743,-0.0024830911280838697
2018-02-16,0.004233029413600153,-0.0024892720154716663
2018-02-20,-0.004215186405561622,-0.005431943910540915
2018-02-21,0.005291481507203821,-0.016826350188036687
2018-02-22,0.0021048761165747276,0.010959155621503625
2018-02-23,-0.00630246924387956,0.021681100551975474
2018-02-26,0.012684995778474262,0.005959162359856718
2018-02-27,-0.014613731065644786,-0.013003792632308442
2018-02-28,-0.008474691403649315,-0.022983199321856995
2018-01-03,-0.006410316204938593,-0.0014986284621080204
2018-02-03,0.006451673471944863,0.004651676471351118
2018-05-03,0.0032053266192175744,0.01060537965115449
2018-06-03,0.00745460178827595,0.0005906148080350171
2018-07-03,0.0021139992082757075,-0.007532823328885385
2018-08-03,-0.0010545480154843245,-0.0002976085598318523
2018-09-03,0.0073917383837163175,0.01905614577455439
2018-12-03,0.005240899306155455,-0.000292361251986617
2018-03-13,-0.0020852327536328152,-0.007160708655214787
2018-03-14,0.0020895900352158048,-0.005887162613677499
2018-03-15,0.001043000171353503,-0.005182290275167034
2018-03-16,-0.007291641690882478,0.00891876073472675
2018-03-19,0.005246398243744732,-0.015451369727440545
2018-03-20,0.008350734854788433,0.008450528718448647
2018-03-21,0.0031057820909630163,0.026185916076407745
2018-03-22,-0.017544109122484275,-0.020414062412482004
2018-03-23,-0.013655276384401005,-0.006103353104062403
2018-03-26,0.03514381071685335,0.017972180742905852
2018-03-27,-0.015432076667117656,-0.00941594337017293
2018-03-28,-0.009404748733766177,-0.019456220163433513
2018-03-29,0.004219523014763693,0.021054359929676636
2018-02-04,-0.014705724776005513,-0.020026941150849797
2018-03-04,0.023454223025849874,0.02134447118323357
2018-04-04,0.00937503053489186,-0.0013341437482499163
2018-05-04,0.007223808689691413,0.01795824709102689
2018-06-04,-0.014344322407806698,-0.018078661657332296
2018-09-04,0.013513656867588653,0.004751426828259575
2018-10-04,0.006153578704765961,0.0331016983481871
2018-11-04,-0.003057864765576901,0.010441629495048455
2018-12-04,0.00511250323394874,-0.00014116612588188637
2018-04-13,-0.009155889773150405,0.011043489220048608
2018-04-16,-0.006160006045047406,0.010222517507612494
2018-04-17,0.007231489623781506,0.003881564414537131
2018-04-18,0.009230583720844399,0.015741111307833844
2018-04-19,-0.001016073758796976,0.0012236198650148467
2018-04-20,-0.004069177370653376,-0.004752105897948056
2018-04-23,-0.008171713904967626,0.006139370518550846
2018-04-24,-0.007208822525521907,-0.010712214577359824
2018-04-25,-0.0031122247769004296,0.00795002305731507
2018-04-26,0.012486997844152192,0.014549973550244788
2018-04-27,0.017471554884748386,-0.010588807549350099
2018-04-30,-0.005050322151320619,-0.0001355102762624627
2018-01-05,0.0010151487570204676,-0.006096525012833198
2018-02-05,-0.005071129575755617,0.004089446886720083
2018-03-05,-0.002038469319297298,-0.0023081116525974776
2018-04-05,0.002042633164333285,0.004898499430879832
2018-07-05,0.0050969770066007225,0.001354412004596961
2018-08-05,-0.012170497813537962,0.007842882647924432
2018-09-05,0.009240494724295445,0.02039454912958205
2018-10-05,0.018311351841375556,0.0074949849323833195
2018-11-05,-0.007992220402245676,0.0014360732506322194
2018-05-14,0.005035275726241295,0.006907143931091042
2018-05-15,-0.0030059870446379477,0.0002588856633667369
2018-05-16,0.0030150502466181894,0.0034936137525123367
2018-05-17,-0.0030059870446379477,0.015087006557922722
2018-05-18,-0.008040310375331816,-0.007748875139299338
2018-05-21,0.0121580615160517,0.010241940383423742
2018-05-22,0.0030032941737709873,-0.013306347644867933
2018-05-23,-0.0039922269424012,-0.00012814282624529216
2018-05-24,-0.012024053801520718,-0.01644217940320536
2018-05-25,-0.012170497813537962,-0.025989250854168477
2018-05-29,-0.015400392883362035,-0.003083925320025771
2018-05-30,0.016684274829649626,0.03026228476257753
2018-05-31,-0.00410267339246817,-0.007571830226753562
2018-01-06,-0.005149360022818517,0.004735336235471177
2018-04-06,-0.02277428391396008,-0.008640362597846729
2018-05-06,-0.01483068215695127,-0.00237756629021435
2018-06-06,-0.0010750715655631904,0.004765702940222827
2018-07-06,-0.009687981977001936,0.015151528790507962
2018-08-06,0.007608785656432193,-0.0019466980317319749
2018-11-06,-0.0064724382945858805,0.005201274588541471
2018-12-06,0.0,-0.007632606065921754
2018-06-13,0.0,-0.0037802482432097717
2018-06-14,-0.002171839046074542,-0.0014394888067418288
2018-06-15,-0.0032642771627640066,-0.02147823997160614
2018-06-18,-0.005458317433136073,0.009977210369314982
2018-06-19,-0.005119134321093899,-0.0022692233679236784
2018-06-20,0.0,0.004415337420174081
2018-06-21,-0.00671142802274749,-0.0185159802022703
2018-06-22,0.007883138601104234,0.019951131200454553
2018-06-25,-0.005586954167839275,-0.02009355098413257
2018-06-26,-0.008988557107336481,0.012629144034125517
2018-06-27,-0.018140697413337126,0.013410296541108924
2018-06-28,0.0,-0.0013230982828777993
2018-06-29,0.008083343276412247,0.006227489404878828
2018-02-07,0.0,-0.014748553426338629
2018-03-07,0.004581675840533039,0.006281870192438532
2018-05-07,0.0022806264743688853,-0.001062691155665596
2018-06-07,0.010238817625559005,0.006116283394238531
2018-09-07,0.01351331770234343,0.014932969529105833
2018-10-07,-0.0033331127146697392,0.007421960868160715
2018-11-07,-0.012263017707892176,-0.02119654972290963
2018-12-07,0.012415266338853703,0.0017163935456372403
2018-07-13,-0.005574035874360783,0.00527332676716008
2018-07-16,-0.004484433206881855,-0.01153982146498711
2018-07-17,0.0,-0.003979644549752082
2018-07-18,0.0022521416992016263,0.0006657972747956542
2018-07-19,0.0,0.000266377017177577
2018-07-20,0.005618343596009323,-0.0034599725000885595
2018-07-23,-0.0011175531387224158,-0.004406563877376923
2018-07-24,0.012304400891987477,0.012607343510918412
2018-07-25,0.016574285461492533,0.008344349968637532
2018-07-26,-0.013043290930347173,0.010902234467259575
2018-07-27,0.002202420645309955,-0.004287703255246966
2018-07-30,0.0021980367336376094,0.008221369825871738
2018-07-31,-0.0010964942109356057,-0.0018118863618388215
2018-01-08,-0.005488375374504861,-0.013874767859568649
2018-02-08,-0.004415022622446418,-0.005523033372847541
2018-03-08,-0.005543366892991841,-0.005156404349375809
2018-06-08,-0.0033444909773913123,0.003721753659901017
2018-07-08,-0.0011186872774251455,0.00741501193673777
2018-08-08,0.0,-0.007229489725535609
2018-09-08,-0.0022394158780415507,-0.009267628468607958
2018-10-08,-0.019079853231112387,0.006147482441409613
2018-08-13,-0.010297393478925776,-0.012750705820647745
2018-08-14,-0.01618489588489369,0.002421516940140922
2018-08-15,-0.015276064734525252,-0.0348946233722669
2018-08-16,0.011932957625937712,0.007231300133504259
2018-08-17,0.005896426485346273,0.002485182248801454
2018-08-20,0.014067849754802353,0.0067480457149731166
2018-08-21,0.010404533049703124,0.005061732941592956
2018-08-22,-0.00228833614051549,0.011977764989652417
2018-08-23,-0.012614536435697765,-0.004707460335520275
2018-08-24,0.009291546712862031,0.007297368780019742
2018-08-27,0.009205829552072053,0.007378501668309445
2018-08-28,-0.0045607798257912835,-0.004261740790093893
2018-08-29,0.005727273050230242,0.0061522076292896966
2018-08-30,-0.01480641835037233,-0.0027911335531449755
2018-08-31,0.008092387840184845,-0.0077312695140134835
2018-04-09,-0.014908061449025123,-0.002149371948732326
2018-05-09,-0.005820918364864758,-0.0013464259583084726
2018-06-09,0.0,-0.018468697823687097
2018-07-09,-0.005854817721135386,-0.00013703976627277292
2018-10-09,0.0,-0.0004123894451474319
2018-11-09,0.0035337623378117744,0.009482154707354695
2018-12-09,0.002347241558671831,0.005172540501715117
2018-09-13,-0.005854817721135386,0.0004067221565680068
2018-09-14,-0.0023554749175513923,0.0052793261506347555
2018-09-17,0.0023610362792867434,0.0016159366028405397
2018-09-18,0.011778780172990944,0.0065880243151188456
2018-09-19,0.0034925027025614064,0.0030716468032443434
2018-09-20,0.010440561381881652,0.00026634500564948205
2018-09-21,0.003444326814632248,0.006607985895469071
2018-09-24,-0.00915328482981237,0.014647196237481008
2018-09-25,-0.004618711099133144,0.0064304003311692615
2018-09-26,0.0,-0.009649186596991877
2018-09-27,-0.0011602161684947099,0.0
2018-09-28,-0.0011615035784763306,-0.00276503503626202
2018-01-10,-0.0023257084756698188,0.013863439634529184
2018-02-10,0.00815865281317607,0.0010414748232954185
2018-03-10,-0.0046242303167748355,0.008065435067017068
2018-04-10,-0.013937440516449962,-0.004129468824023208
2018-05-10,-0.007067096927801941,-0.00012921713215863218
2018-08-10,0.008303823848746283,-0.0007780132163216491
2018-09-10,0.0011764737357982114,0.008950065350685321
2018-10-10,-0.030552495248299838,-0.03136662590261663
2018-11-10,-0.012121247192866003,-0.03384218323908683
2018-12-10,0.01840515278335042,0.0027469924646059685
2018-10-15,-0.0036144050039379483,-0.008355990182921658
2018-10-16,0.020555967881331627,0.00828822359921344
2018-10-17,-0.0023694293218826656,-0.006302147226672994
2018-10-18,-0.01068892593105708,-0.0049634354777015055
2018-10-19,0.003601325847650383,-0.008867884643881996
2018-10-22,0.001196175651288156,-0.01104437621983323
2018-10-23,-0.01911582055749117,-0.026152223984656664
2018-10-24,-0.02314257350946558,-0.03948320714260545
2018-10-25,0.01496270077508921,0.012241499527129607
2018-10-26,-0.0073710913648256104,-0.007464669939387991
2018-10-29,-0.021039599114710095,-0.01865276801630944
2018-10-30,0.01390642116310814,0.02314539409517602
2018-10-31,0.011222041787196435,0.006142569001550857
2018-01-11,0.028359999371237565,0.008487074421370089
2018-02-11,0.0,-0.0025101020687082753
2018-05-11,0.01438852946986624,0.01672598093577582
2018-06-11,0.010638204602826384,0.004658500880533545
2018-07-11,0.028070316137756013,0.016374319322122632
2018-08-11,-0.00682583911077439,-0.021670619958423898
2018-09-11,-0.009163945700930598,-0.0017490019470594032
2018-12-11,-0.0034680378218339136,-0.020729806752684432
2018-11-13,0.0,-0.022957552414837545
2018-11-14,-0.002320372151739525,-0.0016785756072018598
2018-11-15,0.006976703276889928,0.014672217643026064
2018-11-16,0.006928365996669683,0.011899291132663414
2018-11-19,-0.010321011422370407,-0.00029740271243150485
2018-11-20,-0.016222584660139816,-0.03275771715553388
2018-11-21,0.018845816122067927,0.01570194629251276
2018-11-23,-0.0011559527145775794,-0.03137321775149504
2018-11-26,0.006944402801825955,0.015021173218600081
2018-11-27,0.0172414851586713,-0.002774804450605961
2018-11-28,0.02033868382592474,0.017158786083641075
2018-11-29,-0.0033223835514265554,0.006535128625024145
2018-11-30,-0.0011108838539075627,-0.001812116991056767
2018-03-12,0.011123501342698683,0.02223597852199566
2018-04-12,-0.013201356282705912,-0.028707035508762635
2018-06-12,-0.00445943681531058,-0.018433846174624846
2018-07-12,-0.0235161896448014,-0.005587427688594437
2018-10-12,0.0011470302344691596,-0.015607902945512953
2018-11-12,0.0,0.00031711087525598813
2018-12-12,0.014891099897354154,0.003962668291992655
2018-12-13,-0.012415383326008445,0.0031575078549279656
2018-12-14,0.0011428602483671835,-0.02282026420826755
2018-12-17,-0.023972727154177753,-0.018199336612363504
2018-12-18,-0.0053285614850047125,-0.023622249554547836
2018-12-19,-0.011904587669655853,-0.011760421844082769
2018-12-20,-0.010843484411920512,-0.02771194011107936
2018-12-21,-0.02192452195118222,-0.009706858296517296
2018-12-24,-0.00249057243531281,-0.040456099935204826
2018-12-26,0.02996245021892796,0.062221184891092074
2018-12-27,-0.00484843859416062,0.0052458585196830665
2018-12-28,0.002435905410454575,-0.007653834384085512
2018-12-31,0.003645446264621377,0.005258463390148904
2019-02-01,0.007264038289023889,0.019703802337483367
2019-03-01,-0.008413717842651214,-0.009918039358215891
2019-04-01,0.03030314507311327,0.034024213053521324
2019-07-01,0.008235003763520155,0.014865529864691807
2019-08-01,0.011668920728615362,0.007735430948634381
2019-09-01,0.008073710268171164,0.015841913027751398
2019-10-01,0.011441596816920585,0.0028939113041959175
2019-11-01,0.005656199711741916,-0.005931380115206997
2019-01-14,-0.004499279081478291,-0.0024190504184691264
2019-01-15,-0.005649807114264438,0.003556323595200306
2019-01-16,0.0034090288214381204,-0.0012887607747933405
2019-01-17,0.014722424459520767,0.009193712068845006
2019-01-18,-0.0011158607801803333,0.020297199226799956
2019-01-22,-0.012290698348034867,-0.0217729443051502
2019-01-23,0.012443639365832038,-0.010248506949154468
2019-01-24,0.022346266475082865,0.0053390499563710225
2019-01-25,0.006557370034056653,0.012713296775972882
2019-01-28,-0.005428968610320495,-0.010010910167869036
2019-01-29,0.010916982742012804,0.0030497300868703725
2019-01-30,0.006479475627905407,0.014082123465348761
2019-01-31,0.01824041827866485,0.006469818376659164
2019-01-02,0.0010539736017225465,0.017403793489822794
2019-04-02,-0.0010528639109541604,0.0023115283073245063
2019-05-02,0.007376519977815299,0.0015374388582578558
2019-06-02,-0.006276249496297681,-0.007368849205957151
2019-07-02,-0.010526482658647085,-0.02211557382452134
2019-08-02,-0.0021276936621672515,-0.004586404623927676
2019-11-02,0.008528593917918936,0.004766288212669778
2019-12-02,0.008456905328932285,0.012650322204020625
2019-02-13,0.0010480200607774215,0.012492130909267374
2019-02-14,0.009424343628526177,0.003547293102553084
2019-02-15,-0.004149231114541796,0.01613649163613018
2019-02-19,0.007291675076517068,0.0030248075355943094
2019-02-20,-0.0051709242931653465,0.004221821287104355
2019-02-21,0.006237106532683168,-0.015465504543725417
2019-02-22,0.009297457499270356,0.0028977959881162363
2019-02-25,0.004094021813417115,0.0016727051074834076
2019-02-26,0.0020389778155205374,-0.003187900486814055
2019-02-27,-0.007121171536136672,0.0038072641556972098
2019-02-28,-0.0061474297030740255,-0.010013623618278067
2019-01-03,-0.0010309442764057097,0.018390675310367532
2019-04-03,0.0020639106749245073,0.001806087402173695
2019-05-03,0.007208967453946613,-0.0033047810570278058
2019-06-03,-0.0132925432896418,-0.012660199481403844
2019-07-03,-0.014507582975045286,-0.005953189025573735
2019-08-03,-0.0010513261708179344,-0.018734653243905774
2019-11-03,0.023157722679759463,0.01564955358754294
2019-12-03,0.008230584532814333,0.006471329481145149
2019-03-13,0.008163185976310494,0.010104070258144748
2019-03-14,-0.005060705936735355,0.0010609134297769884
2019-03-15,0.0,-0.00039658828732958007
2019-03-18,0.010172789531211146,0.013890746648723695
2019-03-19,-0.00503512135242179,-0.0027100513264221027
2019-03-20,0.007084925921264196,0.008756210818332333
2019-03-21,-0.012060186331245948,0.007033702464912972
2019-03-22,-0.019328581506243836,-0.02704690633329976
2019-03-25,-0.0020748280706039957,0.00045808695039450953
2019-03-26,0.007276624288130584,0.014351444271829772
2019-03-27,-0.009287756793754487,-0.007074388266183118
2019-03-28,0.012499770516587239,0.0037898189377332248
2019-03-29,0.00411518682901213,-0.0015102501132066015
2019-01-04,0.009221249669958409,0.013157920876775808
2019-02-04,0.004061083218742878,-0.006866647191361985
2019-03-04,0.0010108277093014983,-0.009619846833720413
2019-04-04,0.008080835848022883,0.008347554761967801
2019-05-04,0.012024243117765288,0.017609450937777993
2019-08-04,-0.0009901148778085345,0.00443760373862867
2019-09-04,-0.006937368631584784,-0.012222283931441313
2019-10-04,0.011975828683210565,0.00372687980707731
2019-11-04,-0.009861889224907272,0.0007424877476727154
2019-12-04,-0.0019918597387478254,0.0026715904163197024
2019-04-15,0.006985831922831753,-0.005920431232401935
2019-04-16,-0.000990994605867379,0.006551154914608892
2019-04-17,0.004960294938909593,-0.0013313352843602466
2019-04-18,-0.0029615478157642983,-0.004740063915071424
2019-04-22,0.0,0.021134125884530564
2019-04-23,0.00891083106575108,-0.0016032503679117571
2019-04-24,-0.004906749806354971,-0.017518378525558376
2019-04-25,-0.003944735475928884,-0.0031202463259663027
2019-04-26,0.001980229755616847,-0.012967455150193152
2019-04-29,0.0,-0.000906257378318065
2019-04-30,0.0039525311210537595,-0.00075577169820229
2019-01-05,-0.003936970124115646,-0.01996654120371566
2019-02-05,-0.004940790488700442,-0.017441058376822194
2019-03-05,0.014895867556941278,0.009267930392059087
2019-06-05,-0.01565572654972769,0.0009338077977019132
2019-07-05,0.0059643106778026755,-0.008707670848225879
2019-08-05,-0.0039525311210538705,0.0
2019-09-05,-0.007936634577083157,0.0
2019-10-05,0.008000128674945817,0.004705976518114108
2019-05-13,-0.027777712874102356,-0.01717416100210678
2019-05-14,0.011224459108820639,0.012231898026611177
2019-05-15,0.0020179887692481913,0.005179019608468671
2019-05-16,0.008056524428223577,0.005464285921174428
2019-05-17,-0.0129870155724362,-0.010093068543366446
2019-05-20,-0.003036589464644801,0.0004703665954446379
2019-05-21,0.013197870283438995,0.01160249610734021
2019-05-22,0.006012224249432263,-0.015498936327088209
2019-05-23,-0.018924401914906186,-0.03353270491165672
2019-05-24,0.0050760159834915,0.003746428646900446
2019-05-28,0.01414164389469641,-0.010386210553943509
2019-05-29,-0.0079681531718796,-0.006395692744004089
2019-05-30,0.008032154610113196,-0.012708169125139723
2019-05-31,-0.004980057493734202,-0.01755262699458271
2019-03-06,0.016016067172101245,0.012761651925087936
2019-04-06,0.011822545836102982,0.01730497753303828
2019-05-06,-0.0019474509456004485,-0.011065141559054248
2019-06-06,-0.0019511509255145665,0.01853691012454739
2019-07-06,0.017595289412765336,0.004591086557657498
2019-10-06,0.0,0.0029375102449673562
2019-11-06,0.0038423239146681,0.0019529624053598038
2019-12-06,-0.005741327486543213,-0.014130286726962926
2019-06-13,0.010586876605068962,0.011697052254734386
2019-06-14,-0.007618975068889644,-0.006513754616364387
2019-06-17,-0.005028021902490409,0.008359262155068325
2019-06-18,0.017492781360551657,0.01381657919259105
2019-06-19,0.0028651951374025764,-0.0011219691187532854
2019-06-20,0.014285723955734131,0.02215055623948947
2019-06-21,-0.0037559792689436655,0.007226117748325933
2019-06-24,0.0,-0.00896768623584332
2019-06-25,-0.010367477202295916,-0.007937894209075536
2019-06-26,0.0019048664115743907,0.01536252392706916
2019-06-27,0.008554925402144198,-0.007407432177876538
2019-06-28,0.002827580909523064,0.011590877429855428
2019-01-07,0.0075187325391008475,0.0009421268365306101
2019-02-07,0.0027984713810154105,-0.01599516411762747
2019-03-07,0.009302554114841044,0.003983846549334924
2019-05-07,0.0,0.001428797223774536
2019-08-07,-0.0009216154812289323,0.0014264399229744207
2019-09-07,0.0,0.0007914262093102753
2019-10-07,0.0009224656398434394,0.01281032939754767
2019-11-07,-0.0018434186575805311,0.0020299964419512317
2019-12-07,-0.004616777720849785,0.0042075328078130525
2019-07-15,-0.0027830840614276875,-0.009000646365099452
2019-07-16,-0.0009299994179494675,-0.01064823405768689
2019-07-17,0.003724314263064077,-0.011395980423991592
2019-07-18,0.006493580263325915,0.00016019033179470732
2019-07-19,-0.003686462907612653,0.004642120034927366
2019-07-22,0.002775077647195756,0.0046206703286200135
2019-07-23,-0.007380197248419096,0.0026963975947711383
2019-07-24,0.0018587436000236934,0.004270917789896966
2019-07-25,-0.005565979208919547,-0.011340494352679475
2019-07-26,0.0018658693863105036,-0.0050979717060466445
2019-07-29,0.0009308651219710473,-0.004003145679771336
2019-07-30,-0.011162648365610539,0.011253971994268586
2019-07-31,0.009407279812159608,-0.003179717019868078
2019-01-08,0.001863846169804173,-0.022647691819915994
2019-02-08,0.0018607566005657272,-0.014360076440472769
2019-05-08,-0.03621169923604428,-0.029801283694311453
2019-06-08,0.013487430780685594,-0.0011946801164547383
2019-07-08,0.025665258846086836,-0.007517430354430865
2019-08-08,0.01853556930148259,0.02874834840952656
2019-09-08,-0.004549285618228982,-0.011044182947918979
2019-12-08,-0.008226769878760032,-0.011844113819735602
2019-08-13,0.010138241988067342,0.009246656859547064
2019-08-14,-0.02554736119408285,-0.039192494994876426
2019-08-15,-0.005618190001567269,-0.006180399403150405
2019-08-16,0.015065975194399783,0.013148433039304575
2019-08-19,0.012059559472245462,0.022097558856920108
2019-08-20,0.0,-0.008407556626032986
2019-08-21,0.014665408330927887,0.006402176735941678
2019-08-22,-0.010840334609654834,-0.0044703738358388145
2019-08-23,-0.023744297694736405,-0.03350594273494789
2019-08-26,0.019644752378781494,0.0042886157349657505
2019-08-27,-0.007339665078528457,-0.006227688005055798
2019-08-28,0.0009242655330852223,0.014323933569402314
2019-08-29,0.006463694375262952,0.014651514402316046
2019-08-30,-0.00275235129473006,0.0
2019-03-09,0.0064398150502236184,-0.004871309647850874
2019-04-09,0.014625378094605956,0.013986045344385412
2019-05-09,0.0,0.012413933210083883
2019-06-09,-0.009009226252227664,0.005279106542129819
2019-09-09,-0.0027272370236746113,0.01998982323901144
2019-10-09,-0.0063810176377708805,0.011792189266629727
2019-11-09,0.013761474755180414,0.0009848610221236953
2019-12-09,-0.004524950858819099,-0.006231509198911023
2019-09-13,0.00181818903327291,0.007920825762900652
2019-09-16,0.005444483832676594,0.033562441694269696
2019-09-17,0.01083046097592999,-0.013939417102238894
2019-09-18,0.0,-0.004819176323997532
2019-09-19,0.016964217231519862,-0.002582765590818048
2019-09-20,-0.0008780116190340026,0.0008163938300953522
2019-09-23,-0.0035149529130175106,0.000326600306926883
2019-09-24,-0.00969990227593387,-0.015823842602835203
2019-09-25,-0.005343033568916522,0.0016573107643298446
2019-09-26,-0.008952405366904004,-0.013072809320975098
2019-09-27,-0.02168039279031142,-0.0001679158297042127
2019-09-30,0.006463694375262952,-0.007210815910405399
2019-01-10,-0.0036700198624826097,-0.023141953698639584
2019-02-10,-0.016574280319642587,-0.024554755763809277
2019-03-10,0.011235903995062024,0.010813645764167656
2019-04-10,0.02314819212632191,0.006313555468556942
2019-07-10,-0.005430161416149604,-0.008888066318384236
2019-08-10,-0.00818897334457791,-0.017056474013921075
2019-09-10,0.007339291410281001,0.009123474556343991
2019-10-10,0.0009106116552060062,0.012586390466922781
2019-11-10,0.00454965622651704,0.013480490412997481
2019-10-14,-0.0036230198973490335,-0.000518373375953618
2019-10-15,-0.010909041147168064,0.004148017391153891
2019-10-16,-0.004595746378939669,-0.013941545844591063
2019-10-17,0.006463694375262952,0.000698171066306319
2019-10-18,0.0045869401155509415,-0.005232803753687176
2019-10-21,0.011872149334229531,0.01788531447605113
2019-10-22,-0.014440309906818105,0.012919923125414456
2019-10-23,-0.0027472168619564474,0.008333301501882273
2019-10-24,0.0009183242793808777,-0.004216543333960043
2019-10-25,-0.006422183344899746,0.008129972968917487
2019-10-28,0.004616964778100252,-0.005712279495843964
2019-10-29,-0.002757410783844727,0.0040554121301035195
2019-10-30,-0.017511637434178162,-0.020363531359054
2019-10-31,0.0,-0.004294603876035419
2019-01-11,0.0037524555008980887,0.02277425661006438
2019-04-11,-0.0056075935460232484,0.03255724938166815
2019-05-11,-0.0009398056799522214,0.0013067549437373316
2019-06-11,-0.00564432995250852,-0.02039459233237728
2019-07-11,-0.0018919627638885883,0.014990086666318403
2019-08-11,0.0037912908734991646,-0.004102458267654763
2019-11-11,0.010387150586376626,-0.0056022377679709745
2019-12-11,-0.00841139056815332,-0.0051367217122226805
2019-11-13,-0.0009423672871098354,-0.0043303367855546115
2019-11-14,0.008490455945223685,-0.0026766112387437424
2019-11-15,0.005612650604315039,0.007715606596397251
2019-11-18,-0.0074417022977730785,-0.012150505450174709
2019-11-19,0.0018743258935409735,-0.014827391555835123
2019-11-20,-0.00935438499220742,0.01009079328612228
2019-11-21,0.0018883896377510645,0.016423750294936923
2019-11-22,-0.0009423672871098354,-0.003331436733764681
2019-11-25,0.01886800102026287,0.00100279654552482
2019-11-26,0.003703718322264349,-0.009183510255065253
2019-11-27,0.01291499207108382,0.002527861326905745
2019-11-29,0.002732204940323779,-0.010085865736688127
2019-02-12,0.0,0.0
2019-03-12,0.007266428488807319,-0.014943042704870901
2019-04-12,0.006311879278585453,0.014997348209178751
2019-05-12,-0.0035842434100599174,-0.004755561954742249
2019-06-12,0.008992749966978186,0.019112801705713167
2019-09-12,-0.004456391339303645,-0.0011721680975648185
2019-10-12,-0.007161797148185545,0.0020117293112966728
2019-11-12,0.014427191918055193,-0.0016730058307198314
2019-12-12,0.0071111396668090965,0.01843482241187866
2019-12-13,0.004412945689411307,-0.007569514693391399
2019-12-16,0.0205345705166875,0.01343050503837051
2019-12-17,0.004336496788800659,0.0006543394289433291
2019-12-18,-0.0017269699843055486,0.003760787020388401
2019-12-19,0.0017299575691014368,-0.00032577153286028615
2019-12-20,0.004317948290818663,0.009592351579687186
2019-12-23,0.00687878649252327,0.010267376020084429
2019-12-24,0.0025618684601640407,-0.0004839500346064396
2019-12-26,0.005962446995702697,-0.00032292212876272597
2019-12-27,-0.0033869305407057126,-0.004197512877921916
2019-12-30,-0.005097618066435272,-0.0031558420267767673
2019-12-31,0.003415853540442493,0.005695207419869952
2020-02-01,0.01531905576748116,0.008993922910130125
2020-03-01,-0.005029336366928039,-0.0029713301262521696
2020-06-01,-0.0025273364182401004,0.007781431994726029
2020-07-01,-0.0025338249655058043,-0.002628564508575515
2020-08-01,0.008467368478390247,-0.01647166689242674
2020-09-01,0.0016792891334156401,0.007368821841921669
2020-10-01,0.001676642435241904,-0.005652441320840751
2020-01-13,0.015062499134452567,0.000334514012089171
2020-01-14,0.008244242025971404,0.00016688048252322396
2020-01-15,0.0016351846365465494,-0.007352814626249482
2020-01-16,0.008163316412479471,0.001683549523213701
2020-01-17,0.011335972672717576,-0.006386703406758176
2020-01-21,-0.004803679786763215,-0.017929594473247712
2020-01-22,-0.0032181539961356753,-0.009644990405466847
2020-01-23,0.002421346874561081,-0.0038260616929836067
2020-01-24,0.0008052472901725061,-0.011522604749699572
2020-01-27,-0.023330786584224383,-0.027728652929339348
2020-01-28,0.019769431388709124,0.004541324779992362
2020-01-29,0.004846524753805426,-0.010488162871575835
2020-01-30,-0.010450087765714766,0.008040883275489907
2020-01-31,-0.01543469257400143,-0.031182241091883833
2020-03-02,0.01320128546753807,-0.013098549546658678
2020-04-02,0.03420185649231633,0.003602526398870376
2020-05-02,0.012598632119835473,0.03759683529550362
2020-06-02,0.0031101567462095137,-0.010196695024156655
2020-07-02,-0.010852344323454055,-0.006990509671436107
2020-10-02,0.003134609478872008,-0.005001631259813455
2020-11-02,0.025781197295727587,0.011171152674062768
2020-12-02,0.022086954751599608,0.013441126161040984
2020-02-13,-0.0052161048500972695,-0.003088742141342027
2020-02-14,-0.0007490752321424043,-0.005284872684577557
2020-02-18,0.0037481870064293155,-0.008244791377737815
2020-02-19,0.056011801466078204,0.013301102782416363
2020-02-20,0.007072108587046211,-0.0010940283012261798
2020-02-21,-0.009129221661141163,-0.01186324931076077
2020-02-24,-0.03543586935168774,-0.04617664879531869
2020-02-25,-0.027185892887091057,-0.04415183123668387
2020-02-26,-0.013595084415653824,-0.030186593552602448
2020-02-27,-0.03828484528942688,-0.0534778194012393
2020-02-28,0.0,-0.0008830227647013134
2020-02-03,0.010350246218926662,0.04042401354574654
2020-03-03,0.007880349971195244,-0.03057308444786211
2020-04-03,0.03831101470393694,0.023652983474684586
2020-05-03,-0.010542113888752147,-0.03658525077561148
2020-06-03,-0.030441437558903384,-0.05618477601018368
2020-09-03,-0.11302977938135328,-0.20141187237514158
2020-10-03,0.023008867661110433,0.047436835125562515
2020-11-03,-0.06141863945121462,-0.052883429098176005
2020-12-03,-0.12811082445778044,-0.12473998535015729
2020-03-13,0.05285435659136972,0.09229709085078963
2020-03-16,-0.11847390310512251,-0.13606705438796496
2020-03-17,0.07858771761200045,0.006832062724795307
2020-03-18,-0.10242868730421584,-0.14357139539530595
2020-03-19,0.02352943836967336,0.06797336719599412
2020-03-20,-0.0011495600613632417,0.009762089012854691
2020-03-23,-0.04142685095538079,-0.06815878351998605
2020-03-24,0.11404559875584819,0.16037339742512846
2020-03-25,0.04956879534056502,0.047166410905151945
2020-03-26,0.03696107653992642,0.0611030669709729
2020-03-27,-0.06039603012843442,-0.06778533611292625
2020-03-30,0.008430064310568142,0.01023661495123962
2020-03-31,-0.0020901090919369647,0.015373837746236907
2020-01-04,-0.03769642820692576,-0.04955263769019147
2020-02-04,0.008705368507356592,0.09160023714426946
2020-03-04,-0.007551363859913951,-0.010613587873736452
2020-06-04,0.0673914259815358,0.052966732843479525
2020-07-04,0.019348379552111217,0.02133080071651139
2020-08-04,0.028970894212681397,0.06670841631486768
2020-09-04,0.020388389161501097,-0.009059145924766088
2020-04-13,-0.007611826471829342,-0.003243858189598936
2020-04-14,0.01629911302221898,-0.00473375739297055
2020-04-15,-0.03207523492767361,-0.04696775591861224
2020-04-16,-0.0019496444140665314,-0.04273250293387487
2020-04-17,0.027343904448333234,0.10622364021616315
2020-04-20,-0.01330791401917697,-0.031222596453259643
2020-04-21,-0.034682060690546135,-0.017634385182253354
2020-04-22,0.024950000752347545,0.03559265541155199
2020-04-23,0.0038947063221606015,0.032277303607419316
2020-04-24,-0.011639082940811063,0.0023163734897968524
2020-04-27,0.02158975051042966,0.0216635298533987
2020-04-28,0.02017285290032511,0.022900850886538704
2020-04-29,0.04143165882591049,0.07407431157492161
2020-04-30,-0.027125118450834762,-0.02213096505555967
2020-01-05,-0.03438643145845288,-0.05657880229964285
2020-04-05,0.005774585699062529,0.0345883508351188
2020-05-05,0.009569631701124015,0.0008088722592169972
2020-06-05,0.010426230236108669,-0.02613163840802235
2020-07-05,0.01125712647465571,0.02600291876506211
2020-08-05,0.032467783496366476,0.045565012924299264
2020-11-05,0.0044920732597095725,-0.017534587754357567
2020-12-05,-0.00804977010408392,-0.017585614361130375
2020-05-13,-0.027953379817907464,-0.04541797588731222
2020-05-14,0.007420990841467079,0.011194880504713733
2020-05-15,-0.006445592240425735,-0.003874709719507652
2020-05-18,0.05653391633557647,0.08168899568417687
2020-05-19,-0.004385859514060342,-0.027998950156384872
2020-05-20,0.01673991590964996,0.039904987867997344
2020-05-21,-0.006065871009744317,-0.016010139800943457
2020-05-22,-0.012205602594978826,-0.006198264870392434
2020-05-26,0.037069707034032895,0.02780672655059968
2020-05-27,0.008510691841289386,0.01289469679365074
2020-05-28,-0.012658349244475953,-0.027957893778622234
2020-05-29,0.018803468208301588,-0.0046224804509052975
2020-01-06,0.018456339073184225,0.017543940478927045
2020-02-06,0.008237283714704446,0.02789038775943342
2020-03-06,0.011437930197855994,0.02935372943821446
2020-04-06,-0.000807685722183038,0.00023964430993528296
2020-05-06,0.017784926323548333,0.07426945943305863
2020-08-06,0.029388320391073863,0.045049300831788264
2020-09-06,-0.01774697036959194,-0.037558907382560625
2020-10-06,-0.005498673758055794,-0.04922392453259916
2020-11-06,-0.06714073584202174,-0.09421653008182496
2020-12-06,0.022862015086984266,0.02523171126079804
2020-06-15,0.01937315000248163,0.003013432952496231
2020-06-16,0.014681823307639341,0.02879339548585058
2020-06-17,-0.020096522731404498,-0.034071618273355475
2020-06-18,0.007383149709267123,0.012345763595070114
2020-06-19,0.0008144564077072758,-0.01518175432293678
2020-06-22,0.008950250459333287,0.004632830403802135
2020-06-23,0.012096746087970178,0.0010189780984815044
2020-06-24,-0.015936111187011437,-0.05548449848488435
2020-06-25,-0.0008096761071052505,0.019131796583218286
2020-06-26,-0.02674220142741801,-0.034637446819294704
2020-06-29,0.032472669063841275,0.013420788312709542
2020-06-30,0.009677428657336229,0.02297304683450485
2020-01-07,0.01277956572413319,-0.024306429657510176
2020-02-07,0.014195596513136621,0.011102109561348161
2020-06-07,0.038880207410373346,0.002945898739321162
2020-07-07,-0.0037423306438607584,-0.03177591027309179
2020-08-07,0.033057726624491135,-0.0008269972714282092
2020-09-07,-0.012363684114012674,-0.0494067727279186
2020-10-07,-0.001472755837656825,0.031939563665648985
2020-07-13,-0.011799421263533394,-0.005346254127907124
2020-07-14,0.028358311386996515,0.035077975194855116
2020-07-15,0.022496355231804044,0.021590375599810585
2020-07-16,-0.007806926440170225,-0.004547617184608943
2020-07-17,0.016451980774513375,-0.013974697023282245
2020-07-20,0.018296990842206373,-0.01662593264439627
2020-07-21,0.004837634647163469,0.0604213465939345
2020-07-22,0.008253033371044882,-0.012284255662375898
2020-07-23,0.002728515546690957,-0.0018522890490755284
2020-07-24,-0.01836733078425512,-0.00556779330880719
2020-07-27,0.020097074368361723,0.0010665551024318098
2020-07-28,-0.02513585774548699,-0.017043865612601183
2020-07-29,0.005574847201172295,0.02086165465887646
2020-07-30,0.004850974482396353,-0.03927821876472304
2020-07-31,-0.006896488926281585,-0.0046961093273658605
2020-03-08,0.02430554311369071,0.0036080939233569254
2020-04-08,0.030508468516275533,0.02433638082841605
2020-05-08,0.025657885076403986,0.010529188898254382
2020-06-08,0.00384862480212389,-0.00801511344364536
2020-07-08,0.014696530953716147,0.0013465731510884371
2020-10-08,0.0037782781201458615,0.030930899489221453
2020-11-08,-0.016311182439325167,-0.0033917097240319105
2020-12-08,0.017219500391247644,0.00994770783026322
2020-08-13,0.016927819566535662,-0.019440102355590017
2020-08-14,-0.007398280526085821,0.009516081793685238
2020-08-17,0.011801284731893569,-0.005760662961887819
2020-08-18,0.0036833056409855125,-0.012641410054036406
2020-08-19,0.0036695437447100687,-0.011469804135831763
2020-08-20,-0.006703205766861231,-0.021586797552087034
2020-08-21,-0.0006134049102031192,-0.006342971729472735
2020-08-24,0.01227735810779107,0.027477260240312162
2020-08-25,0.023044292479245998,-0.014046418594268029
2020-08-26,0.0,-0.021096049760923274
2020-08-27,-0.002963933195326174,0.0019591471379079017
2020-08-28,0.022592415267429944,0.017877012774969003
2020-08-31,-0.003488666872690893,-0.02167944042552783
2020-01-09,0.016336308282577594,-0.006731908644930007
2020-02-09,-0.004018344233041704,-0.004801074827215479
2020-03-09,-0.06224789078957205,-0.007377761011256201
2020-04-09,-0.010448718716724037,-0.003145112728427324
2020-08-09,-0.005590098537412547,-0.03642060345430975
2020-09-09,0.03497810974978299,0.006844983971318275
2020-10-09,-0.022329381718943497,-0.03665376959697064
2020-11-09,-0.0006172537407705958,0.0009204104192157558
2020-09-14,0.027794803679619395,0.007664239105644066
2020-09-15,0.019230666615421832,-0.0073016145807278665
2020-09-16,0.005896410668380536,0.0401470905262189
2020-09-17,-0.018757461428915434,0.001473204963715169
2020-09-18,-0.001194864268565965,-0.011179763005071619
2020-09-21,-0.008373155639273766,-0.03314583512597824
2020-09-22,0.00542820260557475,-0.01032225740136783
2020-09-23,-0.008997999289970249,-0.04519599822777676
2020-09-24,-0.004842680617821227,-0.0003307422379010827
2020-09-25,0.021897770487425028,-0.0006622318574447394
2020-09-28,0.045238081761149296,0.023525290634538232
2020-09-29,0.023918077120687498,-0.02751679369396287
2020-09-30,0.028364849057264108,-0.002996103906378389
2020-01-10,0.032450004014278555,-0.030717771048993314
2020-02-10,-0.0005237564129073613,0.009645137341441012
2020-05-10,0.0455974963591268,0.030023984097605094
2020-06-10,0.007017297891480201,-0.014905861971091894
2020-07-10,0.04977616164680687,0.014122428610960691
2020-08-10,-0.0009482698851748239,0.03746688524732966
2020-09-10,0.01566211630609371,-0.015979646544901582
2020-12-10,-0.02056085886928094,0.002598316104583276
2020-10-13,-0.0033395777732272425,-0.015548903590528962
2020-10-14,0.011967289844385887,0.0042776310067575984
2020-10-15,-0.007568502599238358,0.012123092633637311
2020-10-16,-0.004289731703901345,-0.022660815243330967
2020-10-19,-0.007659366141640089,-0.02119933424112097
2020-10-20,0.020260464370241538,0.011844476473914511
2020-10-21,-0.04349876930172747,-0.01906354027787105
2020-10-22,-0.0034601862207066514,0.04125472171422406
2020-10-23,0.002976143484684002,-0.004911554755756997
2020-10-26,-0.020771485018747926,-0.03586721050291286
2020-10-27,-0.0075758414247822925,-0.01296920318114736
2020-10-28,-0.015267141496788206,-0.041839670169028786
2020-10-29,0.020671856941932187,0.030674949922238737
2020-10-30,-0.009620136218312925,0.005602151270296396
2020-02-11,0.01789354877299454,0.03412264452954794
2020-03-11,0.012054357533068272,-0.005724001096765963
2020-04-11,-0.012903287510125594,0.0013545908738126222
2020-05-11,0.07038719826185669,0.0
2020-06-11,0.007515461311971228,-0.021643598070348546
2020-09-11,0.0018647093535459902,0.14275829527386574
2020-10-11,-0.014890752496053539,0.03236542304870871
2020-11-11,0.03212086061421471,-0.010254699410815138
2020-12-11,-0.011441405916040481,-0.032267884340430375
2020-11-13,0.004629307338397393,0.03640276636949635
2020-11-16,0.0050691065744374875,0.06582047234807642
2020-11-17,0.0018341153509562336,0.010246570674808941
2020-11-18,-0.01464523111202165,-0.029057263459809413
2020-11-19,0.014398503263105322,0.016375146053625
2020-11-20,0.011446919890082619,-0.005277650082497476
2020-11-23,0.019013008549747523,0.07065045501660183
2020-11-24,0.013771737783875082,0.05138239481806739
2020-11-25,0.017090177499151205,-0.023319194111574015
2020-11-27,0.016372399899019507,-0.011683959562426627
2020-11-30,-0.0025434101410459764,-0.05525582978347954
2020-01-12,-0.009349987803279447,0.004624669191605424
2020-02-12,-0.009008867751041705,0.03249397294199552
2020-03-12,-0.006926413175422086,0.010490408217999514
2020-04-12,0.003051332081488667,0.054502811262365114
2020-07-12,0.004346071722939326,-0.023381789773820216
2020-08-12,0.02682828051209918,0.014869049677522339
2020-09-12,-0.024441782201768292,0.0022348749622451702
2020-10-12,0.015118783348481157,0.030723465792839022
2020-11-12,0.005531856027930493,-0.011538442673985183
2020-12-14,0.014406921406793227,-0.03501950765565931
2020-12-15,0.046783561588565226,0.019657298224745157
2020-12-16,0.0,-0.004943117598620206
2020-12-17,0.019952239224913404,-0.004719266964013036
2020-12-18,0.013693157781784038,-0.016721000813085585
2020-12-21,0.017367880757487075,-0.019289802981839133
2020-12-22,0.036418841872927876,-0.016784825399944414
2020-12-23,0.016105339361671245,0.02213956358752478
2020-12-24,-0.0018012722767956069,-0.005219359647003596
2020-12-28,0.007939624852969729,-0.00629621120592927
2020-12-29,-0.009667176537833999,-0.006599599778976617
2020-12-30,0.023294560228649397,0.015679115027326107
2020-12-31,-0.0017673407642785355,-0.00837270857665906
2021-04-01,0.015580732789574947,0.0015831009049875888
2021-05-01,0.021269099125820423,0.04478394695102117
2021-06-01,0.07203831784134707,0.030509298661832496
2021-07-01,0.06401267486677908,0.014681020355769014
2021-08-01,-0.007482861936373042,-0.001205915846718808
2021-11-01,-0.033775558607692324,0.015692904879839986
2021-12-01,0.012172216993041829,0.03494186202439997
2021-01-13,0.004933798386010935,-0.007809296414437172
2021-01-14,-0.008898486472110223,0.029629890267286685
2021-01-15,-0.0538700346280363,-0.03889379884414024
2021-01-19,0.027487064265839356,0.02011686969895865
2021-01-20,-0.0038216493655029993,0.0036686825377643117
2021-01-21,0.044117665942549955,-0.033812786856228794
2021-01-22,0.007348240847524945,-0.005202275461528294
2021-01-25,-0.012765723858788158,-0.010221282246054009
2021-01-26,-0.009852342790671265,-0.021373533461430227
2021-01-27,-0.06281091229562019,-0.013496808698022722
2021-01-28,0.022561363470188445,0.011691468295591756
2021-01-29,-0.03309543393364711,-0.03319401574485503
2021-01-02,0.022483246006148816,0.007120925949751111
2021-02-02,0.010830356094706728,0.01085871002397143
2021-03-02,0.017857106852252835,0.04271801948305831
2021-04-02,-0.01275912792934486,0.011020660353093792
2021-05-02,0.007431300880465397,0.008530631236925101
2021-08-02,0.009942248661741981,0.04182344074259836
2021-09-02,-0.008891675694756573,-0.010599944265445749
2021-10-02,-0.013457298932764039,0.019147330361702464
2021-11-02,0.005196592798748734,-0.015432418614416576
2021-12-02,-0.020355393050044635,0.014765810807426893
2021-02-16,-0.011213910374949343,0.025072691826639515
2021-02-17,-0.016677614302049282,0.014850451305822965
2021-02-18,-0.051899622596212724,-0.022595286339397336
2021-02-19,0.019320217853676436,0.016732816990242982
2021-02-22,-0.06633900653762148,0.03464688866200971
2021-02-23,-0.013909781521922238,0.016534252702479657
2021-02-24,0.021349587613420873,0.035412927092074
2021-02-25,-0.04815241753199273,-0.019288227285518933
2021-02-26,0.013725671032532194,-0.023722849517303857
2021-01-03,0.03791086670977939,0.025960822079518442
2021-02-03,-0.03205360603355589,-0.00546567976072565
2021-03-03,-0.06546017657680048,0.014655064436493781
2021-04-03,-0.03996700469607928,0.02387153011055898
2021-05-03,-0.014163044339970843,0.03742170262952493
2021-08-03,-0.03047449318202511,0.0018885875739702573
2021-09-03,0.08352023585674684,-0.01753061938618905
2021-10-03,-0.00041437278083045204,0.025326055085794552
2021-11-03,0.06343279304912186,0.000374304677034365
2021-12-03,-0.007797127987165031,0.0020576949903330366
2021-03-15,-0.005501038238467926,-0.01138711715541818
2021-03-16,-0.022915817637482627,-0.028512101727388606
2021-03-17,-0.027497108840651707,0.0077746814442642975
2021-03-18,-0.05446964953599032,-0.044937495969727625
2021-03-19,0.02638517647913119,0.00020210339904824792
2021-03-22,0.02399304537708402,-0.009589761162798083
2021-03-23,-0.01882839946283732,-0.014627169136787077
2021-03-24,-0.0447762779755948,0.025088645998796455
2021-03-25,0.004910848523766775,0.0036712868921948694
2021-03-26,0.019991148249002055,0.02479181654133278
2021-03-29,-0.023954830033464547,-0.011897713063115933
2021-03-30,0.04819287321995103,-0.008629328095439148
2021-03-31,0.034482679426291574,-0.006882682478800195
2021-01-04,-0.00493826364003036,0.025478988180213324
2021-05-04,-0.015301912366158632,-0.023852009343649172
2021-06-04,0.0,-0.002647361427655648
2021-07-04,-0.028139384999539163,0.003470942011146949
2021-08-04,0.012964585364621861,-0.013021292307372478
2021-09-04,0.001279797030186991,-0.006596541650738308
2021-12-04,-0.020025411126739834,-0.007885530638058635
2021-04-13,0.020434622850541873,0.001045809164906375
2021-04-14,-0.0034086295998863037,0.027789428188133458
2021-04-15,-0.014535945992306232,-0.00813184759134633
2021-04-16,0.033405500846557024,-0.007993355139083724
2021-04-19,-0.024349176099865977,-0.0010330608884758785
2021-04-20,-0.009036279997807761,-0.026473668494417568
2021-04-21,0.01953976453595785,0.01274682041768549
2021-04-22,0.024275917990428608,-0.011747204618114626
2021-04-23,0.01871113508480149,0.009127467251296206
2021-04-26,0.0048978687980929525,0.006731230694406731
2021-04-27,-0.003249331353012974,0.012118677135216638
2021-04-28,-0.020374850134931566,0.03447568354676034
2021-04-29,-0.015391023358915401,0.011175463356680293
2021-04-30,-0.01816641682926501,-0.025261530927053855
2021-03-05,-0.014199695644223964,0.027535943940409924
2021-04-05,-0.041030237552067805,0.0005910119210033038
2021-05-05,-0.001365427636622063,0.03229616895203624
2021-06-05,-0.013217943973056645,0.005150585244448003
2021-07-05,0.018014129397782463,0.017840572596789395
2021-10-05,-0.02994581664699747,0.0003728767747861461
2021-11-05,0.0023388261726158266,-0.025722311174427692
2021-12-05,-0.033597794315596174,0.004782701332997963
2021-05-13,0.0038628936360620703,-0.012185852632379035
2021-05-14,0.038961139377651666,0.031033176288658648
2021-05-17,-0.009259365905191608,0.023181954430797846
2021-05-18,0.018691618290356704,-0.023204760415305503
2021-05-19,0.007797974899004467,-0.024878450544291497
2021-05-20,0.025489476236007835,-0.0015346805634153249
2021-05-21,0.0022192665720957017,0.0021135467362143334
2021-05-24,0.00177144655108874,0.009969300935689374
2021-05-25,-0.0026526480816879694,-0.020311318479424356
2021-05-26,0.011968176781970596,0.008912698365178162
2021-05-27,-0.0008761120055240657,0.0007684382063219974
2021-05-28,0.004822577795983829,0.0019190227871244137
2021-01-06,-0.0021815042003513474,0.03849841133600451
2021-02-06,-0.016178408099218777,0.018627552369435918
2021-03-06,-0.018222287080782107,0.002716084522675244
2021-04-06,0.009506616351184771,0.006681163409681723
2021-07-06,0.0053812467314087176,-0.004305008547170752
2021-08-06,0.004014153684235522,0.00864716333177551
2021-09-06,-0.00621943248200818,-0.006251292553702381
2021-10-06,0.004225489092231083,-0.0012580435013954672
2021-11-06,0.008504920265027582,-0.003419024905934376
2021-06-14,0.011983931952951554,-0.004333530208920688
2021-06-15,-0.011403366463067277,0.019042327172071216
2021-06-16,0.0053238284293679605,-0.005339122287298603
2021-06-17,0.0057369097366353206,-0.033995366448396847
2021-06-18,-0.016674061352069613,-0.029635121189660163
2021-06-21,0.010263319199959264,0.042614694736098135
2021-06-22,0.010159053590193645,0.006658286413988579
2021-06-23,-0.0017490613943187405,0.0027557810622518275
2021-06-24,0.006570428739472112,0.00861109384652603
2021-06-25,0.003046162207337222,0.0052680582305781876
2021-06-28,0.026464067480625575,-0.03379125820513362
2021-06-29,0.006339767479918601,-0.004862608013088576
2021-06-30,-0.0146996264301813,0.012403833180310464
2021-01-07,0.0034100626136825962,0.017449583783616607
2021-02-07,-0.0021241413902610695,-0.002189436513234
2021-06-07,0.0068114160670189605,-0.0325471508526739
2021-07-07,-0.003382667500437475,-0.01625403799237035
2021-08-07,-0.017394894414241135,-0.005763749746426572
2021-09-07,0.0025906544376390617,0.021256094579756413
2021-12-07,0.011627820851960236,-0.001513617402204348
2021-07-13,-0.011919850627338358,-0.007580143847932819
2021-07-14,-0.024558455667279655,-0.029788041731180326
2021-07-15,-0.01987617909194228,-0.013973705497614897
2021-07-16,-0.004055940305927042,-0.028343210408898534
2021-07-19,-0.007240006303766533,-0.035332922266764544
2021-07-20,0.010027426522253524,0.013415497251294317
2021-07-21,0.031588546553342534,0.034881674251207695
2021-07-22,0.0004374127936754846,-0.011167629501940946
2021-07-23,-0.013554920569913032,-0.0036961014810760195
2021-07-26,-0.00797875358434097,0.024731967957442702
2021-07-27,-0.007149069082520665,-0.009251749583919389
2021-07-28,0.02745259977868897,0.009135208559021724
2021-07-29,-0.0026281016576764626,0.00965598321458594
2021-07-30,-0.002635114533317884,-0.015939511776114412
2021-02-08,0.0008806044003100144,-0.007491332704983145
2021-03-08,0.019357917789184942,0.017135937671418855
2021-04-08,-0.0021580615139622505,-0.02707592209271037
2021-05-08,-0.007352916148823718,0.011337989706948992
2021-06-08,-0.0013070928425307216,0.009172180022582577
2021-09-08,0.01570677576709656,-0.014138355373295886
2021-10-08,-0.0012886502134296096,0.017619274867149537
2021-11-08,-0.006021660792246086,0.00785188827269856
2021-12-08,-0.012548530829057158,-0.0009988999573810053
2021-08-13,-0.009640739696931244,-0.01179774928519095
2021-08-16,-0.007964543113981204,-0.018413458802071236
2021-08-17,-0.010704647986128246,-0.010306991157968182
2021-08-18,0.006311795422174971,-0.02082902969552869
2021-08-19,0.0,-0.025951955773727997
2021-08-20,0.01612918202365332,0.002183906016492987
2021-08-23,0.012786529847075512,0.037480791739483044
2021-08-24,0.0060948030571055245,0.016593311917292963
2021-08-25,0.0034617086350861026,0.007644472191083551
2021-08-26,-0.01164277848641515,-0.01517331644248443
2021-08-27,0.008725880385935803,0.026650077233396186
2021-08-30,0.00994813832741892,-0.011762231536445511
2021-08-31,-0.0008565529522776005,-0.006771954272882574
2021-01-09,0.007715331115768942,-0.014669412537971938
2021-02-09,0.011909964663677108,0.025372204235637685
2021-03-09,-0.007986629374554632,-0.005726085503748424
2021-07-09,-0.008050928718587702,-0.005964669121868438
2021-08-09,-0.019222499443065533,-0.012828462376676564
2021-09-09,-0.0013064370173937467,0.002096018980055625
2021-10-09,-0.015700098861893608,-0.00041827175278286166
2021-09-13,0.019937911799245533,0.02866714989736785
2021-09-14,-0.006081652704059026,-0.014442895980167236
2021-09-15,-0.01398602712486885,0.03735834155700957
2021-09-16,-0.00664897608266668,-0.01134109413603901
2021-09-17,0.004908605832150581,-0.007446192519791839
2021-09-20,-0.026643052696160407,-0.03053666948189182
2021-09-21,0.011861530466906522,0.0023284303126276384
2021-09-22,0.013976330288642647,0.030834224013702505
2021-09-23,0.00889289465770382,0.035033511483629765
2021-09-24,-0.019391777425248224,0.007522095468637913
2021-09-27,0.008090007237354868,0.035559830786916935
2021-09-28,-0.021845993565323685,0.003415013687514401
2021-09-29,-0.010482999071644072,0.0
2021-09-30,-0.0027637750611733125,-0.015125807953651926
2021-01-10,0.005542869366468972,0.033595718142792386
2021-04-10,-0.02618299198501084,0.016344718546854375
2021-05-10,0.0018868414348867102,0.00584795079177014
2021-06-10,0.0023541568777083466,-0.010537806368359659
2021-07-10,0.010333475709304096,0.0077120994329378245
2021-08-10,-0.007903365855402078,0.03079449788497568
2021-11-10,0.0037489255241551778,-0.003712299806327257
2021-12-10,0.03781512397771114,0.0008872405292306151
2021-10-13,0.03238860175571179,-0.000886454031286732
2021-10-14,-0.003921539279056696,0.012242807921158283
2021-10-15,0.0030622396609700786,0.004908011390190925
2021-10-18,0.0039247857510040784,0.0006975249843788056
2021-10-19,0.024326696257166658,0.011330007794633445
2021-10-20,0.005937219318610021,0.008100830239378354
2021-10-21,0.0012648300188164985,-0.018464797242889963
2021-10-22,-0.008000080450114244,0.009406004221674591
2021-10-25,0.01485569168837797,0.01466774621392597
2021-10-26,-0.006691684208926296,0.005782403624293719
2021-10-27,0.029894711243540817,-0.028745504332654326
2021-10-28,0.03475057385309488,0.00713792861412843
2021-10-29,-0.0015802864175704645,-0.006568390903251564
2021-01-11,0.020577579922724132,0.017226056610710305
2021-02-11,-0.01899960220175667,-0.009408018903862225
2021-03-11,-0.022924865235979253,-0.008288870605569598
2021-04-11,-0.005258914914478496,0.0013930755272895112
2021-05-11,-0.01260663135691742,0.01304127203377825
2021-08-11,0.0181218035649775,0.009097156437008591
2021-09-11,-0.005258914914478496,0.004082325330410752
2021-10-11,-0.014233351013877238,-0.026427045751098
2021-11-11,0.02640258207218249,0.0038277603784084846
2021-12-11,0.008038633098355508,-0.002426744233909761
2021-11-15,-0.01196171350647146,0.008340646503371074
2021-11-16,-0.0024213702616717736,0.0015509682121197521
2021-11-17,-0.006067835894846496,-0.015313185644691196
2021-11-18,-0.013838208394757467,-0.005940956912558026
2021-11-19,0.018984893814824266,-0.03902264241295661
2021-11-22,-0.023086340562825547,0.017742783776380833
2021-11-23,-0.011608510578422382,0.03073326499303386
2021-11-24,0.0029361082566619068,0.009764675744222462
2021-11-26,-0.012965247133640556,-0.040234727595368946
2021-11-29,0.011017065321420105,0.005757307272515
2021-11-30,-0.015507315450364878,-0.023434764330992675
2021-01-12,-0.03107696847605379,-0.010624752816588257
2021-02-12,-0.004393611765274752,0.029069016969822892
2021-03-12,-0.03133280474847766,-0.00791678640698501
2021-06-12,0.011845136258288536,0.014871331641282737
2021-07-12,0.032417948239140904,0.023409560348727654
2021-08-12,0.003052717599576704,-0.00017450692985510052
2021-09-12,-0.028695697616824223,-0.007684358040484285
2021-10-12,-0.0067143637816553525,0.0073918567663353585
2021-12-13,-0.005254746483681516,-0.027778022616633313
2021-12-14,-0.030054607677777567,-0.004132924314726116
2021-12-15,0.016901412465883725,-0.004871719577893785
2021-12-16,-0.02216066983686238,0.006346473491400717
2021-12-17,0.0018884808259000962,-0.020360398557123682
2021-12-20,-0.03675764751996824,-0.012389507109650144
2021-12-21,0.03326810826237958,0.028485396057988943
2021-12-22,0.0056817249840688255,0.006419487209301966
2021-12-23,0.0,0.0005469467703489439
2021-12-27,-0.0014125461224675506,0.021857538398648124
2021-12-28,-0.009900783519439571,-0.0007128905909332683
2021-12-29,-0.003333263419827759,-0.006421587091846481
2021-12-30,0.013959074021612894,-0.00610404713377799
2021-12-31,-0.0018857575889120737,0.002528894873465859
2022-03-01,0.008030104004369543,0.030991017243604313
2022-04-01,-0.015463865091874363,0.0346030940742279
2022-05-01,-0.04664430666644148,-0.00016898056198311195
2022-06-01,-0.013979239289975576,0.022301019033782676
2022-07-01,-0.004556837364939947,0.013716859429744321
2022-10-01,-0.004577898776475187,-0.0030974314828902116
2022-11-01,0.008686932311446016,0.034014648641203404
2022-12-01,0.0025327576392542017,0.0018978478726390247
2022-01-13,-0.011116721092031767,-0.005051318302036423
2022-01-14,-0.006131665688074328,0.02348094838565018
2022-01-18,-0.027763646714944468,0.004030324905657912
2022-01-19,-0.002644031208543396,-0.0072563136232184355
2022-01-20,0.006362497211640505,-0.00917588569396599
2022-01-21,-0.03582714610726889,-0.019777064668272448
2022-01-24,0.0038252482729490556,0.006725362885004804
2022-01-25,-0.029940159229356444,0.03881028923089769
2022-01-26,0.003366799706470358,-0.0016842329342573459
2022-01-27,-0.015659749490085306,0.010889532015601722
2022-01-28,0.009090883993323251,-0.004248336252317242
2022-01-31,0.05574338740074025,0.004418821231775949
2022-01-02,-0.001600273629723259,0.03564927138026408
2022-02-02,-0.004273493169482445,0.0032225443970570478
2022-03-02,-0.02521443467636464,-0.009490455967611222
2022-04-02,0.009356151418768777,0.015625202682818973
2022-07-02,-0.005997978050501507,0.0127717498548654
2022-08-02,0.002194343292870826,-0.02149598964800803
2022-09-02,0.036124775350698135,0.008347885243303876
2022-10-02,-0.025356611430839116,-0.006245498853517439
2022-11-02,-0.026016189429937886,0.029085277462481685
2022-02-14,-0.007790878477417107,-0.02357621156494527
2022-02-15,0.050476672689814706,-0.010472681367858172
2022-02-16,0.0005338883420837881,0.008084529403123542
2022-02-17,-0.013874003514746325,-0.0016040515693405144
2022-02-18,-0.018398299624182712,-0.006133869851425056
2022-02-22,-0.024806922264974718,-0.01616481144478754
2022-02-23,-0.006783754693218902,0.010306182285618748
2022-02-24,0.07626653744140732,-0.007835544722582632
2022-02-25,0.028027567281581955,0.026374588259036713
2022-02-28,0.06532915303456033,0.024680773932794775
2022-01-03,-0.009657192118232572,0.010059410713077588
2022-02-03,-0.016089657548672642,0.022864642290844284
2022-03-03,-0.030228001196397236,0.0027426735266022906
2022-04-03,-0.007664785158686627,0.028856526464834165
2022-07-03,0.02471682309272749,0.014754664157960562
2022-08-03,0.06884412096114967,0.015719271755872732
2022-09-03,0.0028208903906341565,-0.030564962082393232
2022-10-03,-0.014064590465089344,0.030597527715195305
2022-11-03,-0.015216410400203495,-0.008003249961937242
2022-03-14,-0.03621435115147176,-0.02992841697785431
2022-03-15,0.01603211948138994,-0.036619736419635895
2022-03-16,0.026627169388451,-0.004594765652243815
2022-03-17,0.012487933929648198,0.0344103061031118
2022-03-18,0.003320686112309401,-0.0009465831691773952
2022-03-21,-0.00709209725712423,0.04031159907410098
2022-03-22,0.01380942586040268,-0.007355839314819201
2022-03-23,-0.015500367455825281,0.017202611383969835
2022-03-24,0.015744411621331666,0.0024715317155787897
2022-03-25,-0.011742465603549523,0.02193100001607884
2022-03-28,0.004277448648862814,-0.02476177126745338
2022-03-29,0.014671149270261585,-0.0026044674578339366
2022-03-30,-0.002332117640386988,0.011618961948915318
2022-03-31,0.006077438809237279,-0.013550028635126887
2022-01-04,0.005576332206650214,0.008110794441961833
2022-04-04,0.020332708186896697,0.0012980057996621053
2022-05-04,-0.002717316930661573,-0.01568198277606403
2022-06-04,-0.011807482439315398,0.00592527184902969
2022-07-04,-0.011948474081163285,0.013088733682358189
2022-08-04,-0.012558254501772725,0.027519588633194703
2022-11-04,-0.010362689530204694,-0.030051796341858394
2022-12-04,-0.0114231015929247,0.01659327379398956
2022-04-13,0.012518092890670296,0.01491960364349798
2022-04-14,-0.011887734913536563,0.0032666816565187773
2022-04-18,-0.007218471014293737,0.014652629685985907
2022-04-19,0.020843337318189326,-0.008145912794839671
2022-04-20,-0.017568838653742813,0.0038574133531337207
2022-04-21,-0.04881585204511307,-0.03173435013024939
2022-04-22,-0.01676833517961529,-0.02445254550185072
2022-04-25,0.0,-0.03307075765172929
2022-04-26,-0.02739014604698764,0.0013572038762872385
2022-04-27,0.012220810550818362,0.014637866268890631
2022-04-28,0.004199672983437264,0.03032348853653688
2022-04-29,-0.015159330032302187,-0.025670898671312448
2022-02-05,0.001592312678746266,0.015967982659754076
2022-03-05,0.01589833895118864,0.02802872107236065
2022-04-05,0.04173175436007659,0.04153408359114219
2022-05-05,-0.03905850659862076,-0.015045990902172957
2022-06-05,-0.03230853227113217,0.029806218481563063
2022-09-05,-0.05977389072616812,-0.08273035819087815
2022-10-05,-0.0005724945217283617,0.009071867171989378
2022-11-05,-0.02922645972740323,0.01342013382850471
2022-12-05,-0.007083980992248384,0.004242674243650546
2022-05-13,0.04875156185557694,0.034182820416641
2022-05-16,-0.007936739200649301,0.026367897748635905
2022-05-17,0.042285806211422194,0.011578659470169006
2022-05-18,-0.0043858448643322445,-0.025634857666334776
2022-05-19,0.038546286731132584,-0.003671131947206474
2022-05-20,0.005301975939223658,0.004298698947450497
2022-05-23,0.012131097818532943,0.026415738747708195
2022-05-24,-0.014591046633164129,0.003812614183708707
2022-05-25,0.014278291884368022,0.02065279197707759
2022-05-26,0.025025997983794124,0.011047811590990886
2022-05-27,0.02441488799964464,0.018288518601709436
2022-05-31,-0.012909574720712635,-0.015023348945107151
2022-01-06,-0.011569198728420327,0.016284560964257677
2022-02-06,0.0407122508579878,-0.003159557990832562
2022-03-06,-0.007823843023013533,0.013244229797750862
2022-06-06,0.019714090138603035,-0.0011171801830590633
2022-07-06,0.008699807221307587,0.029862462686070623
2022-08-06,-0.01245801686845549,0.0021720905057498463
2022-09-06,-0.027357094341630472,-0.022106659188825373
2022-10-06,-0.01808127178962582,-0.016954855635103905
2022-06-13,-0.05728906866334915,-0.05219247614198852
2022-06-14,-0.011394593116091145,0.0019029063482911557
2022-06-15,0.02414930781271707,-0.02207978912622499
2022-06-16,-0.03697748742429863,-0.05632441694692736
2022-06-17,0.03617154922952315,-0.054669359576462906
2022-06-21,0.02470450611271713,0.051805933646214886
2022-06-22,-0.006289275427990293,-0.04003150096440433
2022-06-23,0.018987242825204698,-0.03706692438012127
2022-06-24,0.004658540147451706,0.013161544231272693
2022-06-27,0.01391020581856628,0.02933372679675017
2022-06-28,-0.026930865042144925,0.02700480009666051
2022-06-29,-0.021932053885051928,-0.034751539467636205
2022-06-30,0.017084837213709347,-0.021081515260950257
2022-01-07,0.01417318096209419,0.014963038383782656
2022-05-07,-0.01449264557810026,-0.039680420585397225
2022-06-07,-0.004201693150378993,-0.0170732948207013
2022-07-07,0.04113918269358341,0.03605331554731306
2022-08-07,0.012664716546531674,-0.00042269017490614846
2022-11-07,-0.027013415063619872,-0.009584376950054208
2022-12-07,-0.017995025162914957,-0.019495974015970474
2022-07-13,0.005759296300585248,-0.0015965912621728195
2022-07-14,-0.004164715202785718,-0.01889823433374127
2022-07-15,-0.016727602530725805,0.01629872741660221
2022-07-18,0.020202109038001126,0.02288992660217337
2022-07-19,0.01823873407339227,0.0307865670786871
2022-07-20,0.005629406319196839,0.0096790959902473
2022-07-21,-0.0020355798083936394,-0.01752920831611926
2022-07-22,-0.00560941180590202,-0.00822448914867635
2022-07-25,0.012820487973066896,0.03668323517665928
2022-07-26,-0.015696212922503006,-0.009083488579154197
2022-07-27,0.04732519615307651,0.02257498629451682
2022-07-28,0.07023573411678163,0.005619620632231204
2022-07-29,0.022946350973063634,0.04337400968310212
2022-01-08,-0.012561767512541455,-0.020658034205339404
2022-02-08,0.01272157295438836,-0.0023436205780681396
2022-03-08,-0.021085893829959623,-0.028713261024396308
2022-04-08,0.01924861450414239,-0.037086565988298514
2022-05-08,0.007643763047978203,0.01981559804627775
2022-08-08,0.004462461162684672,0.005199532201915602
2022-09-08,0.003553898920939602,0.017560813645192574
2022-10-08,0.04515261558282391,0.007224018865786386
2022-11-08,-0.013977035461001597,0.03440033870761261
2022-12-08,0.011597898637254467,0.007575861502956416
2022-08-15,-0.0012738998277093128,-0.01949794478194833
2022-08-16,-0.012755077626682376,-0.0023394653503242546
2022-08-17,-0.0038760970963636066,0.00833761688018031
2022-08-18,0.0021618611876910165,0.026873386598207594
2022-08-19,-0.027610005082817746,-0.00025165701270402074
2022-08-22,-0.015528007267639699,-0.0018877968370222264
2022-08-23,0.0018025751572130488,0.03606112395418415
2022-08-24,0.019793088189243635,0.012291611339767528
2022-08-25,0.020732188449145372,0.0076942040787537636
2022-08-26,-0.02290395166965653,-0.01169180971663375
2022-08-29,-0.011057119893003842,0.015089392776218347
2022-08-30,-0.009839050338799615,-0.03389233583340534
2022-08-31,0.0018068239591098045,-0.009108759354128582
2022-01-09,-0.01758342719636652,-0.02459627293411437
2022-02-09,-0.01606238266744109,0.018339227623136223
2022-06-09,0.010727517321576396,-0.009254677547725909
2022-07-09,0.04845408319723021,-0.011613154962445527
2022-08-09,0.0066021870201229405,0.0043423200769350245
2022-09-09,0.002623467241234856,0.024923573443012215
2022-12-09,0.006977693629221182,0.018362279204907184
2022-09-13,-0.026418348511644485,-0.02521929124115374
2022-09-14,0.01556945395658782,0.028246453624554135
2022-09-15,-0.02803328794949389,-0.025768650559272577
2022-09-16,-0.0036052383122169296,-0.02133512902262824
2022-09-19,-0.0027137346264535234,0.0005929834897842046
2022-09-20,-0.029931952197646994,-0.006955336094942033
2022-09-21,-0.00514261718052389,-0.01465625463991227
2022-09-22,-0.03148488496510837,-0.0035541157690264225
2022-09-23,-0.028626881915496116,-0.06895623151578134
2022-09-26,-0.024475634319470085,-0.024546024355925344
2022-09-27,0.006656535046670742,0.011200020287517765
2022-09-28,0.015768066638337075,0.044303637600777934
2022-09-29,-0.04356544089604941,0.0
2022-09-30,-0.000523496957055003,-0.007988985803187076
2022-03-10,0.03090613255875785,0.056512132607982046
2022-04-10,0.031504087689987914,0.0429753516264999
2022-05-10,-0.03990144287021413,0.020665401497921287
2022-06-10,-0.02668037975619264,0.0177778768169512
2022-07-10,-0.028465904701516775,-0.007763107264125768
2022-10-10,-0.004340761580165053,-0.020538024378995656
2022-11-10,-0.010354160286486058,-0.007988108015743345
2022-12-10,-0.02533049818906241,0.00805243171003256
2022-10-13,0.01129941379388888,0.040813707034517366
2022-10-14,-0.02011173810618272,-0.037294750683815825
2022-10-17,0.018244069548210895,0.012456700721053648
2022-10-18,0.025755763483219063,0.008735116094032769
2022-10-19,-0.02947577902009646,0.029515949894436178
2022-10-20,-0.008436649785886319,0.0009474698326155107
2022-10-21,0.017583788686700075,0.02887924073365422
2022-10-24,-0.007803841024010438,0.004716312418157509
2022-10-25,0.02977524675446852,0.0010305746673127114
2022-10-26,0.026186552610055758,0.013611031067870094
2022-10-27,0.00478474330895029,0.003610681860277909
2022-10-28,-0.0015872152928602112,0.003485617549012776
2022-10-31,0.0010599649512319509,0.00840330489432417
2022-01-11,0.0015880547203404038,0.009666672693305456
2022-02-11,-0.015327832112563056,-0.02410030518854267
2022-03-11,0.020934002953321817,0.018493527996850556
2022-04-11,0.0073607213688349216,0.012178848944949694
2022-07-11,-0.010438393208256902,0.017173463147631463
2022-08-11,0.024261494683334828,0.0009679576312540128
2022-09-11,-0.004634348598934412,-0.04888277193537072
2022-10-11,0.06880506251443386,0.022252466429139695
2022-11-11,-0.010164587505238742,0.02906062760473449
2022-11-14,-0.008801957988835096,-0.00032207819984120256
2022-11-15,0.01825342481484271,0.010526188820628724
2022-11-16,-0.010658876768933068,-0.020408042400991477
2022-11-17,0.004897247211748779,0.002170208571229848
2022-11-18,-0.0014621006159837302,-0.007903954415178549
2022-11-21,-0.007320438981143762,-0.01353261196898392
2022-11-22,0.012782610494659119,0.03130879145121068
2022-11-23,0.010679572152521688,-0.010834583810183873
2022-11-25,-0.000960688780964114,-0.003687299501246022
2022-11-28,-0.018269216655467435,-0.027430056927722712
2022-11-29,-0.005386807902431623,0.015109094067525142
2022-11-30,0.041851129008493304,0.004961432894531326
2022-01-12,-0.009451686511443125,-0.0032912924431743873
2022-02-12,0.014790180843285983,-0.005943816131010915
2022-05-12,-0.012693891858605033,-0.029675757676726255
2022-06-12,-0.02095239621877243,-0.026360650694638332
2022-07-12,-0.0038911580013848424,-0.002344093830150884
2022-08-12,0.007812427958987067,-0.004464409247968426
2022-09-12,-0.0029068189988522564,-0.024309610279380722
2022-12-12,0.009232303905903905,0.026245774609467976
2022-12-13,0.011864460956380052,0.01897469208401148
2022-12-14,0.011439457365752581,-0.006129843006516422
2022-12-15,-0.020735016789530825,-0.006051552948762917
2022-12-16,-0.017805621950284123,-0.01229359791162854
2022-12-19,-0.010779101203755581,-0.0001199340193465126
2022-12-20,-0.0014859558496974623,0.015091705245479092
2022-12-21,0.014384999973739987,0.0189970870398104
2022-12-22,-0.017114941536299444,-0.02304300444276497
2022-12-23,-0.005472575529126389,0.03188321826322826
2022-12-27,-0.011505784994680357,0.010682259160976981
2022-12-28,-0.010121416540233463,-0.02238879172207786
2022-12-29,0.01584866630141568,0.010462721960351029
2022-12-30,-0.001006558037299654,0.006327543895498833
2023-03-01,-0.0110830979876817,-0.035097593859800935
2023-04-01,0.008150716000565605,-0.00011875268344052614
2023-05-01,-0.02071751044410497,0.018248908534015174
2023-06-01,0.025799790909986076,0.018968819674406667
2023-09-01,0.008551193806982882,-0.003540482250920518
2023-10-01,0.014962731236421334,0.007106123482622184
2023-11-01,0.02899264678594471,0.003072582429600068
2023-12-01,0.01480410433261281,0.01906055784041416
2023-01-13,-0.0014117407341638355,0.0014473284309328704
2023-01-17,0.006597653097093481,0.0021124167860433474
2023-01-18,-0.0117040717267749,-0.01830507894734379
2023-01-19,-0.033633358405748104,0.01243093513407878
2023-01-20,0.009803784310580044,0.009934204349508091
2023-01-23,0.017961112363342302,0.001326270959571163
2023-01-24,-0.007629973571491422,-0.0038630984524354872
2023-01-25,-0.008169041854556913,0.00011078148359633389
2023-01-26,-0.0004845513290877568,0.031575504114556674
2023-01-27,-0.004847290401882587,-0.02019107207087656
2023-01-30,-0.01802244891604088,-0.022909293747136017
2023-01-31,0.028770000459071632,0.008862467525526663
2023-01-02,0.010125281803466724,-0.019681931576175815
2023-02-02,-0.006205206907440641,-0.022799526100851453
2023-03-02,-0.025936531398942142,-0.002205497773981935
2023-06-02,-0.0029587223940155116,-0.0045370557516147825
2023-07-02,-0.0004946162096529649,0.03248805372149155
2023-08-02,-0.007916900405706362,-0.008941620778598947
2023-09-02,-0.01695757825627353,-0.008565649451732549
2023-10-02,-0.0015220442132241052,0.039166037909134976
2023-02-13,0.00965457281260762,-0.0025496505312978535
2023-02-14,-0.007045907299213616,0.00033343316649436794
2023-02-15,0.021287414665826176,-0.01699804740446076
2023-02-16,-0.026798939275245903,-0.009832742219395563
2023-02-17,0.0005100019947907874,-0.035612480420566195
2023-02-21,-0.015800299082655345,-0.004970898028741733
2023-02-22,-0.0041428936707155195,-0.006661073078001012
2023-02-23,0.0031201734447960927,0.015087891384041319
2023-02-24,-0.018662503637993044,-0.0012975668444827893
2023-02-27,0.016904335180319308,0.0029530859468926973
2023-02-28,-0.002597391969558216,-0.014368321164908937
2023-01-03,0.014583253201956303,0.0197157580353029
2023-02-03,-0.0051334495718876605,0.008788376028633138
2023-03-03,0.02063995417190001,0.013590421132243291
2023-06-03,0.008594424817058188,0.000458403978376154
2023-07-03,-0.010526332332728483,-0.017411180677578186
2023-08-03,0.001013186892290907,-0.010258789865854379
2023-09-03,-0.015182224502349406,-0.01413429437286673
2023-10-03,-0.01490234417749392,-0.012783684388843253
2023-03-13,0.005216463083409062,-0.020331764378989203
2023-03-14,0.01089778612469483,0.00988262412623886
2023-03-15,-0.02361392859976108,-0.05370027502774111
2023-03-16,-0.0031546233630647125,0.010858308497953884
2023-03-17,-0.033755284493762305,-0.015728952103641114
2023-03-20,0.01473795361410124,0.02001989294852269
2023-03-21,0.02259293522425021,0.03462018162981795
2023-03-22,-0.015781309782648356,-0.021271302003826875
2023-03-23,0.007482746957208519,-0.013853538467620052
2023-03-24,-0.004244097815356729,0.0038663337092506023
2023-03-27,0.0010655466010547343,0.021312167171078977
2023-03-28,0.0,0.01546215728736744
2023-03-29,0.019691371516530776,0.013864596275874774
2023-03-30,0.016701414293567973,0.004395719926920227
2023-03-31,0.015400550436104776,0.006929248233019658
2023-03-04,-0.011122418824233815,0.04527353713934046
2023-04-04,-0.005112554253298041,-0.018133682421307973
2023-05-04,-0.01438841099065058,0.015057170367771544
2023-06-04,0.0020855378655626478,-0.015181410285538433
2023-10-04,0.00988543379918183,0.008001975066520117
2023-11-04,0.0030911375192168578,0.00945599743918435
2023-12-04,-0.0025680432335316583,0.0006939318746286283
2023-04-13,0.01905256894928553,0.006240395734786075
2023-04-14,-0.010106073572590302,0.0018376398139732242
2023-04-17,0.01633481829130412,-0.011807773959357726
2023-04-18,-0.0005022184740450797,0.003944313425605195
2023-04-19,-0.006030047407522776,-0.00346656991727623
2023-04-20,-0.0010112374393450585,-0.008812677689621462
2023-04-21,0.0020242235972367517,-0.005849357859064819
2023-04-24,0.0,0.015297563350608723
2023-04-25,-0.019696931241632076,-0.018775910916747907
2023-04-26,-0.041215904981073526,-0.013347594611939684
2023-04-27,0.017732521582065397,0.0035915856786372657
2023-04-28,-0.012143748547293054,0.015507613577786517
2023-01-05,-0.010154789341323855,-0.011277005972845866
2023-02-05,-0.01835849690611213,-0.043483245662631176
2023-03-05,-0.0011001273991259053,-0.01887987622617493
2023-04-05,0.00660781541945199,-0.011140519846419394
2023-05-05,0.01914653035035241,0.027141272941840322
2023-08-05,-0.0026838325402909202,0.0
2023-09-05,-0.0059203842410811,0.0003738500558554403
2023-10-05,0.005955643941618627,-0.011338149186850055
2023-11-05,-0.004305666826884047,-0.011972103478980922
2023-12-05,0.030810814304957912,0.0015304095633061898
2023-05-15,0.008914509789865743,0.005094296363201911
2023-05-16,-0.020789936953796828,-0.02458185606552976
2023-05-17,0.005838575211069896,0.019225770434368128
2023-05-18,-0.011609576158923995,0.0072647442944346885
2023-05-19,-0.005339007078720481,0.007718727866595332
2023-05-22,0.0107354358999725,-0.004143635439387228
2023-05-23,-0.009559363211734784,0.010717586824122494
2023-05-24,-0.004289400947221744,0.004366171956247333
2023-05-25,-0.0010770231099724858,-0.01776182155909012
2023-05-26,-0.0026954069171557515,-0.003920154776535956
2023-05-30,0.0021623026030657133,-0.010283010171835527
2023-05-31,-0.010787547624527272,-0.017573114691012748
2023-01-06,0.017993361480529657,0.012403636012820352
2023-02-06,0.005356164813912212,0.030435766933025743
2023-05-06,-0.0037292567774475094,-0.006632950545806149
2023-06-06,0.0005346101232319711,0.008063150522861218
2023-07-06,-0.0029591807014461846,0.02649675188475631
2023-08-06,0.002698215581693475,-0.004261543790192501
2023-09-06,-0.004305716925015801,-0.0055024634048908005
2023-12-06,0.010810893340787775,-0.009590440443437487
2023-06-13,0.0010693912013106655,0.0047172961047281525
2023-06-14,-0.008012699399976508,-0.010255705235509671
2023-06-15,0.016155053441800016,0.0109862388978208
2023-06-16,-0.005829387964154664,-0.0014816513753013183
2023-06-20,-0.0207888265155296,-0.02238213522404464
2023-06-21,-0.005443752410172253,0.007912244538643032
2023-06-22,-0.010399604590722644,-0.013421098372060736
2023-06-23,-0.016592777647553625,-0.00718683122583863
2023-06-26,0.002249559977788973,0.017967948550470902
2023-06-27,0.008978591147426274,0.0022856177864747362
2023-06-28,0.0027809711415960336,0.01013581803263719
2023-06-29,-0.004436953823269807,0.011538724664609923
2023-06-30,0.02506958380103752,0.00644767491612952
2023-03-07,0.0,0.002340800048920899
2023-05-07,-0.01576079413039555,-0.005530938116105388
2023-06-07,-0.022639418791460697,-0.022494242053608948
2023-07-07,0.011864314332370451,0.02149468212667882
2023-10-07,0.013400262787945483,0.007798064072594979
2023-11-07,0.0038568276968671267,0.021984597407242568
2023-12-07,0.022502632247906273,0.009253757192562384
2023-07-13,0.013955998578259576,-0.003810429988110653
2023-07-14,-0.014293123758259196,-0.026416648252213237
2023-07-17,0.02255642596704499,-0.0019643455863332937
2023-07-18,-0.006302691681630335,0.010087346554203513
2023-07-19,0.003171281797872183,0.0058458649031645216
2023-07-20,-0.013171732137072789,0.011744690876512642
2023-07-21,0.0005338389470070926,0.008856086291290532
2023-07-24,-0.001067212645941118,0.016132878236795767
2023-07-25,0.0005342286664897777,0.0052531988133304175
2023-07-26,-0.004805177899648072,0.00034837684820954173
2023-07-27,-0.023605164699128434,-0.006384903968335798
2023-07-28,-0.0010988772010095404,0.0030376725692764506
2023-07-31,0.005500646130398801,0.018986587127948873
2023-01-08,-0.014223313590952746,-0.004686649361142603
2023-02-08,-0.041065356155750465,-0.013092916112445896
2023-03-08,-0.002893625070977346,0.010124561483850991
2023-04-08,-0.007544986962466638,0.0013824297932780727
2023-07-08,-0.00526298673216008,0.001150372581888659
2023-08-08,-0.0011758681971895113,0.00494149373226227
2023-09-08,0.010005841183009512,0.012578515166620896
2023-10-08,-0.012820463153440986,-0.00011277369272022497
2023-11-08,-0.0047224475813494315,0.015360216204262978
2023-08-14,-0.0005932808761180963,-0.004227069508743075
2023-08-15,-0.029673470914502342,-0.02077723589549796
2023-08-16,-0.01100923315179203,-0.00866989269743168
2023-08-17,-0.012368617552137806,0.01196770588436924
2023-08-18,-0.0006261607313925444,0.009893149999806505
2023-08-21,-0.0018796585210302252,-0.006305571952038291
2023-08-22,-0.0031387864379982533,-0.007705483291674642
2023-08-23,0.016372748965751027,-0.0025122927136086437
2023-08-24,-0.01734819166976842,-0.0068689055391915055
2023-08-25,0.011349369195216896,0.009683053664405472
2023-08-28,0.003117200502346318,0.006735889805191908
2023-08-29,0.027967743532904654,0.002721773758223467
2023-08-30,-0.021765476177715293,0.004976282750071448
2023-08-31,-0.006180516427461313,0.0006750998624114324
2023-01-09,-0.0006219378358842675,0.02046794068707647
2023-05-09,-0.015556906988343111,0.005289793149532818
2023-06-09,-0.01706694384856322,0.00043851127365890363
2023-07-09,-0.007074052468482583,-0.0009862400326792198
2023-08-09,0.0006477176766290782,0.00965236249735657
2023-11-09,0.0051779443341908316,-0.013145029235308248
2023-12-09,0.006439263327127298,0.023557914679177783
2023-09-13,-0.008957189628923334,-0.007528471683836968
2023-09-14,0.024531992702067962,0.01170345293047026
2023-09-15,-0.01386264104128665,-0.01446006153749324
2023-09-18,-0.014057515984860713,0.008474082163755225
2023-09-19,0.00388850838864907,-0.009336634795377607
2023-09-20,0.0019366914835448057,-0.00931511496098214
2023-09-21,-0.019329857175207854,-0.013716750692807977
2023-09-22,-0.008541336948122757,0.0016822078504565852
2023-09-25,-0.007289696117163125,0.012540726257801227
2023-09-26,-0.0200266618722732,-0.005750363173420037
2023-09-27,-0.0061307902026205285,0.024913805928355126
2023-09-28,0.002056225118339583,0.001085228511225056
2023-09-29,0.0,-0.020162638208342187
2023-02-10,-0.03830373304851964,-0.01991357824091078
2023-03-10,-0.027738221195797386,-0.0006773573625492579
2023-04-10,0.005852176148439581,-0.03140169224098199
2023-05-10,-0.010181811128260998,-0.006180926990021263
2023-06-10,0.015429784452373196,0.00598455987642299
2023-09-10,0.0,0.033360659820022676
2023-10-10,0.038350309278575745,0.001241550274345471
2023-11-10,0.009756090313796761,-0.012852294078679383
2023-12-10,-0.02484472161232376,0.0011422090603188106
2023-10-13,-0.009200222726897911,0.02201673921047087
2023-10-16,0.014999883791263935,0.006697162274453605
2023-10-17,0.0063336373920968025,0.01042251819930673
2023-10-18,-0.0251748259443485,0.00910780026454816
2023-10-19,-0.016499276420482212,-0.0017398310110469106
2023-10-20,-0.029905171853259915,-0.01677557267981733
2023-10-23,-0.004511327574762802,-0.016175449777414808
2023-10-24,0.018882209903861913,-0.014076613760858558
2023-10-25,-0.02075610089556279,-0.0018275599869530534
2023-10-26,0.007570080756393427,-0.007781304427725622
2023-10-27,-0.03155527043407036,-0.0239879764027352
2023-10-30,-0.002327486136733836,0.003308721192706754
2023-10-31,0.011664126543756481,0.003297431809117679
2023-01-11,-0.010760945367368935,-0.00234778269652669
2023-02-11,0.034965037213931405,0.030238938371211388
2023-03-11,0.026276294402745037,-0.010050157397306747
2023-06-11,-0.013899105055613648,-0.01130599335027116
2023-07-11,-0.005934662648054423,-0.022170455510275078
2023-08-11,-0.014925414419265093,-0.012529783793741589
2023-09-11,-0.009848419756730564,-0.003021214424270946
2023-10-11,-0.004590715859615457,0.011030344222922928
2023-11-13,0.0,0.007193463566933511
2023-11-14,0.07532669474210674,0.00892741814152509
2023-11-15,0.0050035354891788675,-0.0018877168847201142
2023-11-16,-0.011379832826901692,-0.019503578418057055
2023-11-17,0.006474891243335668,0.02097655725400327
2023-11-20,0.018584720446730874,0.0014169105243273528
2023-11-21,-0.019649176932251877,-0.0022401886552607664
2023-11-22,-0.0035790212228596907,-0.00047275735825536014
2023-11-24,-0.002873640988593218,0.004138014504879495
2023-11-27,-0.007925041546978928,-0.0035322664996620956
2023-11-28,0.013071896052124776,0.00023635076737482663
2023-11-29,0.010752665548004137,-0.007442437231230836
2023-11-30,0.007801388346412974,0.006665104326490479
2023-01-12,0.026741773010956704,0.005202221610579816
2023-04-12,-0.0034269311537933334,-0.004587226407025802
2023-05-12,-0.010316413224816912,-0.017487966629274987
2023-06-12,-0.012508755309418973,-0.014912740479168907
2023-07-12,0.0028149962534238515,-0.00683669956666233
2023-08-12,-0.011228032805607469,0.010817353947965902
2023-11-12,0.0028388314703786666,0.001216147515607613
2023-12-12,-0.01698511631007582,-0.013725316535980081
2023-12-13,0.04319652244739558,0.013916322466854592
2023-12-14,0.04830914461894298,0.02939387186032638
2023-12-15,0.007241578441808283,-0.005309700197308254
2023-12-18,-0.013725385508409182,0.008167944982542918
2023-12-19,0.027170240037977633,0.011998033370569372
2023-12-20,-0.03167065169698047,-0.009273439202566625
2023-12-21,0.0322363714163707,0.003910108669580525
2023-12-22,0.0013012241354013465,0.0029503875796386136
2023-12-26,0.013645291256374925,0.008590304761558976
2023-12-27,0.0025640793538075357,-0.004433509774548705
2023-12-28,0.005754423909404283,-0.0152349956252682
2023-12-29,-0.010171678629794734,-0.00226112144644397
2024-02-01,-0.01156065322327926,0.010734678494060068
2024-03-01,-0.02274202529805891,0.01628516936422475
2024-04-01,-0.01263293039193325,-0.01753366283942126
2024-05-01,-0.003367038085237639,0.000827250287983583
2024-08-01,0.006756696186033029,-0.011572962287739186
2024-09-01,-0.0033556100170362146,-0.01600955547926064
2024-10-01,0.0,-0.009834860339751006
2024-11-01,-0.013468088006444945,0.0025751656940871115
2024-12-01,-0.007508464863962061,0.011252423327373418
2024-01-16,-0.03507567153972857,-0.023826875400973835
2024-01-17,-0.022808270085703297,-0.00830127538909542
2024-01-18,0.004376328503408633,-0.0016241112966437488
2024-01-19,-0.0007261399551667935,0.003253407231806893
2024-01-22,0.010174326801480671,0.0037421620855080384
2024-01-23,0.012230245981655008,0.0021126788760026383
2024-01-24,-0.009239502367610286,0.014260785480885385
2024-01-25,0.004304191524789669,0.022496692412721675
2024-01-26,-0.009285769152448609,0.007413667450934636
2024-01-29,0.014419621026464657,-0.001424337647020324
2024-01-30,-0.01492537698327523,0.010341224825105355
2024-01-31,-0.003607471344063251,-0.018705997814547737
2024-01-02,0.03186096458363408,-0.0001199060580017175
2024-02-02,-0.01894740201328926,0.0014387590974773712
2024-05-02,-0.022174475173837083,-0.0025143300092254073
2024-06-02,0.01755660601015152,0.0032409676374520746
2024-07-02,0.02516180829187209,0.002034066328734818
2024-08-02,-0.005610047602107593,0.010268631598342903
2024-09-02,0.014809525699621684,-0.015364734097088495
2024-12-02,0.017373222313747716,0.011043261871682253
2024-02-13,-0.03551913687035746,-0.010091563745238563
2024-02-14,0.027620354155183824,-0.0009594028356665341
2024-02-15,0.015161955035789765,0.02785121397989543
2024-02-16,-0.014935503601743338,-0.0005840552085790707
2024-02-20,-0.01378354078855093,-0.009115285879367385
2024-02-21,-0.011181094942974479,0.01875223457017361
2024-02-22,-0.022614776539237158,0.001736473449679643
2024-02-23,-0.010846030134303852,-0.006587381293548633
2024-02-26,0.0007309877805354859,0.0034901010446257708
2024-02-27,0.010226493159567696,-0.004289389047970382
2024-02-28,-0.010846030134303852,-0.0019792677811480974
2024-02-29,0.016812857140033888,0.004899599010328215
2024-01-03,0.015816028061865994,0.011609022080036002
2024-04-03,-0.015569776046989836,-0.01067247605651822
2024-05-03,-0.0028756032721899416,0.007423822339676089
2024-06-03,0.015140595263051004,0.003108774177163598
2024-07-03,0.013494403828859136,0.008494093272822356
2024-08-03,0.00490535194613817,0.0035281878320161386
2024-11-03,-0.0013946878959767428,0.010321025374762094
2024-12-03,-0.02653634430573093,-0.0015716566827347345
2024-03-13,-0.01721669683582039,0.01596585072438872
2024-03-14,-0.013868560684299758,0.010292159657673938
2024-03-15,-0.006661743678862075,0.002957575295084336
2024-03-18,0.005216120955161552,0.0034571901252018478
2024-03-19,-0.005189054220703371,0.011410914720442866
2024-03-20,0.022354782996260703,-0.0014101115330126257
2024-03-21,0.001457641958775291,0.005974834151448283
2024-03-22,-0.0036390478881083155,-0.0021597394987754592
2024-03-25,-0.008765514975947242,0.00930743266038303
2024-03-26,-0.0073691310206478455,-0.007720425776699735
2024-03-27,0.038604246715431056,0.009293266792821386
2024-03-28,-0.0007147900453877698,0.010813859480663046
2024-01-04,-0.0007153013356621107,0.00741420790345626
2024-02-04,-0.016463842551110885,0.013983957713488149
2024-03-04,0.006550230573124205,0.006843542687119841
2024-04-04,-0.0007231292792794219,-0.0006178377565860815
2024-05-04,-0.010853738426984227,0.010717216055205814
2024-08-04,0.007315223136447502,-0.006321281801986767
2024-09-04,0.031227307734291276,0.0003076564978203855
2024-10-04,-0.0274647479242226,0.0030772349620367123
2024-11-04,0.00506874552925396,-0.0007157382472896545
2024-12-04,-0.0252161225479256,-0.016271037917492626
2024-04-15,-0.022172965458252314,-0.009362146387979609
2024-04-16,-0.012849542816613213,-0.00871581135689592
2024-04-17,0.008422663141076203,-0.0028602491021116894
2024-04-18,-0.005315136039927393,-0.003080841790548239
2024-04-19,-0.0061068152949074195,0.012041842070967146
2024-04-22,0.008448464826598112,0.0065282027183495295
2024-04-23,0.00990104927289126,0.005544671535412604
2024-04-24,-0.009049765581058966,0.0007282553735217245
2024-04-25,-0.0045662426235097975,0.004574274042096649
2024-04-26,0.011467860987253609,-0.009210459604395926
2024-04-29,0.015117242684661303,0.006789212338512041
2024-04-30,-0.014892114968593106,-0.029774836330902832
2024-01-05,0.0015117755852249726,-0.01593240076354352
2024-02-05,0.020377394217977463,0.005758898625524367
2024-03-05,0.0244082791890885,0.00010812302509277671
2024-06-05,0.004332020586813368,0.007885999216333373
2024-07-05,0.0035945736856259902,-0.0009647133344831138
2024-08-05,-0.007879585066723038,-0.001180129409874775
2024-09-05,0.007220151478824377,0.01342640607030754
2024-10-05,-0.007885304130439863,-0.00551130324524729
2024-05-13,0.0028901481133347673,-0.002664389454378191
2024-05-14,0.01657059676287309,0.001282155126359985
2024-05-15,0.01275693345867901,0.002241276718802254
2024-05-16,-0.0027991357804194594,-0.0027686047223703936
2024-05-17,-0.006315800433354224,0.013988320661588505
2024-05-20,-0.0007062766928939146,-0.00652922225921182
2024-05-21,0.008480694911444653,-0.004875891187951953
2024-05-22,0.03643995917972065,-0.01917347268447478
2024-05-23,-0.014874913860950412,-0.009122491248119924
2024-05-24,0.02402201475106036,0.0014249846870617588
2024-05-28,0.01072382938251426,0.010287740244122379
2024-05-29,-0.016578230079978717,-0.017657869267466264
2024-05-30,0.014160489857434344,0.0028672216343477164
2024-05-31,-0.004654278129762934,0.02485151811150854
2024-03-06,0.0073480284265678986,-0.026180308810069164
2024-04-06,-0.00928380132327089,-0.009585708993119058
2024-05-06,0.008032121566388994,-0.00011124692415953596
2024-06-06,-0.00996013445031052,0.005229275767578034
2024-07-06,-0.025486282519114445,-0.003984586719408045
2024-10-06,0.017205827534583884,0.007556385858211057
2024-11-06,0.0031326028726434973,-0.0019851317996876228
2024-12-06,0.009504438834547102,-0.010719489587118436
2024-06-13,-0.013449908413713518,-0.009159952894793655
2024-06-14,-0.02249489360068435,-0.007440713626753914
2024-06-17,-0.015341705538086114,0.0026123558863324625
2024-06-18,0.0014164246642813794,0.004191679348247712
2024-06-20,-0.013437037515234618,0.018389055183090086
2024-06-21,-0.0028674402283564993,-0.005760488787712181
2024-06-24,0.010064729623371793,0.025214741186626366
2024-06-25,-0.018505331292509863,0.0023006957838089814
2024-06-26,-0.00580128104669364,-0.009837198571941985
2024-06-27,0.0043763492167854245,0.002318219518548492
2024-06-28,-0.032679779233592776,0.0038545619934626796
2024-01-07,-0.0007506392361712466,0.0005484638560355748
2024-02-07,-0.003756595192787704,-0.0007675141934567753
2024-03-07,0.024886811295145694,0.004389360132264208
2024-05-07,0.001471664210427992,-0.015623249068979939
2024-08-07,0.006612793542697615,-0.006104364633832904
2024-09-07,0.0,-0.008821869702200447
2024-10-07,0.01167885488975906,0.006759753650793732
2024-11-07,0.027416984550263646,0.01040735069135068
2024-12-07,0.011938254783735891,0.0025473972891740804
2024-07-15,-0.03886187541032926,0.015134745316211173
2024-07-16,0.017328517978465685,0.004461951072989079
2024-07-17,-0.020581990606273637,0.00996752172126314
2024-07-18,-0.0036232082677586375,0.0018235361595051458
2024-07-19,-0.00581815816426734,-0.01092188778630554
2024-07-22,0.01170441446310111,-0.006279081062309233
2024-07-23,-0.007230697941813968,-0.015905948256899283
2024-07-24,0.013838359047370519,0.00011060204065604928
2024-07-25,0.0007184226233956092,0.017268271764062648
2024-07-26,0.012921698691745753,0.0031555543926740093
2024-07-29,-0.008504572035527791,-0.008569241979714759
2024-07-30,-0.004288760447747397,0.015536076982249902
2024-07-31,0.01579318696774612,0.004201638159326171
2024-01-08,-0.012014119456901562,-0.02649925953805543
2024-02-08,-0.0028612184295099263,-0.025787963456307628
2024-05-08,-0.03299856962172665,-0.022058865794885585
2024-06-08,0.005192893407486965,0.006130784149122048
2024-07-08,0.009594092339797688,0.004023937244974851
2024-08-08,0.016812832163012548,0.021527432980142036
2024-09-08,-0.004313357450722588,0.0022420021705451543
2024-12-08,-0.0021661600717893803,0.0049210212658321595
2024-08-13,0.024602066035718684,-0.009682741019219843
2024-08-14,-0.00706211811995161,0.0058440095081104815
2024-08-15,0.009246016285543002,0.011955343251444539
2024-08-16,-0.001409369843692443,-0.001104124825289099
2024-08-19,0.0141142680949502,0.006742589113012398
2024-08-20,-0.011134262790927218,-0.02635053037709767
2024-08-21,0.004222429111938819,0.0016914850196938502
2024-08-22,-0.015417029778107771,0.0025892658923583056
2024-08-23,0.028469772237833313,0.014933700167836017
2024-08-26,-0.0027681551806701954,0.008961117866561397
2024-08-27,-0.004163757650135325,-0.009320059956186122
2024-08-28,-0.005574890058704374,-0.00641955220467183
2024-08-29,-0.00630694482393479,0.013033350233319752
2024-08-30,0.007757338453894036,0.003738682095360213
2024-03-09,-0.026592048538379265,-0.02486847899311495
2024-04-09,0.012940416435610835,-0.013818700978158627
2024-05-09,0.006387516970242535,-0.007746631799882331
2024-06-09,-0.020451357214998467,-0.012514353669195954
2024-09-09,-0.0014399485210236929,0.007208470490417174
2024-10-09,0.0007210124813679109,-0.01719961409237991
2024-11-09,0.035302553475919485,-0.009278816568216497
2024-12-09,-0.006958847314336825,0.009010112003949855
2024-09-13,0.012613823133359015,0.005639738412591022
2024-09-16,0.006920453288241868,0.011449948731762083
2024-09-17,0.007560072851177324,0.013515027869946072
2024-09-18,-0.003410660049353642,0.0019376076967378975
2024-09-19,-0.005475679551163681,0.011944015099924599
2024-09-20,-0.011011720722922114,-0.0022482147186416723
2024-09-23,0.007654838431081723,0.012347685194805225
2024-09-24,0.008977897452505879,-0.002468612947629567
2024-09-25,-0.010951358411193213,-0.01957250067620786
2024-09-26,0.01660892828887417,-0.019619149214544773
2024-09-27,0.005445990368553311,0.020362730357730285
2024-09-30,-0.005416492204178058,0.006996292208582666
2024-01-10,-0.012933883697917925,0.02277901895628731
2024-02-10,-0.008965579753478004,0.010245024827407523
2024-03-10,-0.011134262790927218,0.0176365969293919
2024-04-10,-0.003518668187768581,0.009315505193998819
2024-07-10,-0.0007062459693956136,0.00354153578550509
2024-08-10,-0.013427541161654233,-0.02609350251480136
2024-09-10,-0.00286531830255643,0.006039344581377115
2024-10-10,-0.02442525644270188,0.006767090193909864
2024-11-10,0.009572897479035447,0.006179437978989899
2024-10-14,-0.004376419921164776,-0.00043098598236035457
2024-10-15,-0.019780174651118587,-0.032230236103099386
2024-10-16,0.012705514290463737,0.0047895268010720304
2024-10-17,-0.010332132403659156,0.004766610624858725
2024-10-18,0.0022371633199476104,-0.0033098236022649496
2024-10-21,-0.006696365277773397,-0.0029886734191511
2024-10-22,-0.002247289637794303,0.0023315300496760116
2024-10-23,-0.017267233622010436,-0.005206064657061638
2024-10-24,0.002291853272987643,-0.00011128089125256313
2024-10-25,0.003048767666992358,-0.000334138757943081
2024-10-28,0.009878415635120374,-0.006349464372871538
2024-10-29,-0.017306210796138255,-0.01524664819197219
2024-10-30,0.003828431411203148,0.00227685575414327
2024-10-31,-0.0007627363544485677,0.006247107550384712
2024-01-11,0.0038167408197822272,-0.006321224384726598
2024-04-11,0.022813669354896815,0.01749399425590248
2024-05-11,0.0037174927629481935,0.006698725430777319
2024-06-11,-0.0733332847507916,0.03759561802877509
2024-07-11,0.01278971510505822,-0.004596020862713934
2024-08-11,-0.022888658106230086,0.006657453349546705
2024-11-11,-0.00403879432940335,0.005653326051438201
2024-12-11,-0.025952932450939104,-0.0053033667278570285
2024-11-13,-0.0033305438003206067,0.007784158173494982
2024-11-14,0.020050042026601655,0.0038091840203902105
2024-11-15,-0.009827969805661252,-0.0014757370555086302
2024-11-18,0.004135672029493609,0.01330085404007253
2024-11-19,-0.0065897588582573,-0.006354737322142645
2024-11-20,0.0016582882096067841,0.010064953610186889
2024-11-21,-0.004966787345109691,0.008096406826538116
2024-11-22,0.008319353141575059,0.001544453486956865
2024-11-25,0.01815189986051946,-0.019738933494584554
2024-11-26,-0.007293363366031702,-0.0013633304105196142
2024-11-27,0.008163231665275106,-0.001050153637704665
2024-11-29,0.0032389305032538562,0.004310262225272643
2024-02-12,0.0032283970941962004,-0.010572644663988884
2024-03-12,-0.007240556171249302,-0.00010573568563854163
2024-04-12,-0.016207466236780488,-0.024124313087980576
2024-05-12,0.0008236798292180492,0.003903181614388851
2024-06-12,-0.0041151692605568835,-0.016956496063276427
2024-09-12,0.019834707721664513,-0.0016478748211395944
2024-10-12,-0.012965988863889333,-0.006823027722794639
2024-11-12,0.0,0.00166202024768336
2024-12-12,-0.01642045136206305,-0.008075203159086497
2024-12-13,0.0,-0.005018397803249641
2024-12-16,-0.014190220044735025,-0.021968147697456586
2024-12-17,0.005471967292476343,-0.0074489884462619615
2024-12-18,-0.03146257506493255,-0.029557820544952706
2024-12-19,-0.0035118488855110375,-0.008685379091364798
2024-12-20,0.014977980115274514,0.009841666674152538
2024-12-23,0.006944437222704769,0.00587246043666978
2024-12-24,0.0034482723008324445,0.008459437185849294
2024-12-26,-0.003436422580035736,-0.0008270289745336834
2024-12-27,-0.006034538595420358,-0.00011828372194200298
2024-12-30,-0.008672976785923936,-0.00011811584356780092
2024-12-31,-0.00437447057252105,0.013128326354918451
